id,model,order_id:id,product_id:id,name,date_planned,product_qty,price_unit,taxes_id,analytics_id:id,product_uom:id,priority
str,str,ref,ref,str,str,str,str,search;name,search;code,search;name,str
pol_cicsa_001,purchase.order.line,po_cicsa_001,cicsa_data.product_product_066,"MOTOR ELECTRIC, 75HP, IEC F280SMB, MOUNT V6, 460V, 60HZ, 3PH, IP55, JB TOP, 2xM50x1.5 CONN., VSD DRIVEN    CODE:  1-10-5-5",2014-08-29,40.00,17861.00,,,Unit(s),1
pol_cicsa_003,purchase.order.line,po_cicsa_001,cicsa_data.product_product_066,"VSD(VARIABLE SPEED DRIVE), 150HP, REGEN.,ACT. FRONT END, FOOT MOUNT, 480V, 60HZ, 3PH, IP21 CABINET    CODE:  1-10-5-10",2014-07-15,15.00,58324.00,,,Unit(s),2
pol_cicsa_005,purchase.order.line,po_cicsa_001,cicsa_data.product_product_066,"POWERHOUSE F/VSD, CAPACITY 5 SLOT, IP55, 02 MAIN AC UNIT, 01 BACKUP AC UNIT    CODE:  1-10-5-15",2014-07-15,3.00,829406.67,,,Unit(s),3
pol_cicsa_007,purchase.order.line,po_cicsa_001,cicsa_data.product_product_067,"CABLE-ARMORED,3 CORE X 2AWG +3 CORE 10AWG GROUND CONDUCTOR, 90°C XLPE PVC JACKET    CODE:  1-10-5-20",2014-12-31,6000.00,343.92,,,m,4
pol_cicsa_008,purchase.order.line,po_cicsa_001,cicsa_data.product_product_066,RECOMMENDED SPARE PARTS 1ST YEAR,2014-12-31,1.00,249757.00,,,Unit(s),5
pol_cicsa_009,purchase.order.line,po_cicsa_001,cicsa_data.product_product_066,RECOMMENDED SPARE PARTS 2ND YEAR,2014-12-31,1.00,135150.00,,,Unit(s),6
pol_cicsa_010,purchase.order.line,po_cicsa_002,cicsa_data.product_product_066,"MOTOR ELECTRIC, 75HP, IEC F280SMB, MOUNT V6, 460V, 60HZ, 3PH, IP55, JB TOP, 2xM50x1.5 CONN., VSD DRIVEN    CODE:  1-10-5-5",2014-08-29,40.00,7620.00,,,Unit(s),1
pol_cicsa_011,purchase.order.line,po_cicsa_002,cicsa_data.product_product_066,"MOTOR ELECTRIC, 75HP, IEC F280SMB, MOUNT V6, 460V, 60HZ, 3PH, IP55, JB TOP, 2xM50x1.5 CONN., VSD DRIVEN    CODE:  1-10-5-5",2014-12-31,34.00,7620.00,,,Unit(s),1
pol_cicsa_012,purchase.order.line,po_cicsa_002,cicsa_data.product_product_066,"VSD(VARIABLE SPEED DRIVE), 150HP, REGEN.,ACT. FRONT END, FOOT MOUNT, 480V, 60HZ, 3PH, IP21 CABINET    CODE:  1-10-5-10",2014-07-15,15.00,24212.57,,,Unit(s),2
pol_cicsa_013,purchase.order.line,po_cicsa_002,cicsa_data.product_product_066,"VSD(VARIABLE SPEED DRIVE), 150HP, REGEN.,ACT. FRONT END, FOOT MOUNT, 480V, 60HZ, 3PH, IP21 CABINET    CODE:  1-10-5-10",2014-12-31,22.00,24212.57,,,Unit(s),2
pol_cicsa_014,purchase.order.line,po_cicsa_002,cicsa_data.product_product_066,"POWERHOUSE F/VSD, CAPACITY 5 SLOT, IP55, 02 MAIN AC UNIT, 01 BACKUP AC UNIT    CODE:  1-10-5-15",2014-07-15,3.00,27386.67,,,Unit(s),3
pol_cicsa_015,purchase.order.line,po_cicsa_002,cicsa_data.product_product_066,"POWERHOUSE F/VSD, CAPACITY 5 SLOT, IP55, 02 MAIN AC UNIT, 01 BACKUP AC UNIT    CODE:  1-10-5-15",2014-12-31,6.00,27386.67,,,Unit(s),3
pol_cicsa_016,purchase.order.line,po_cicsa_002,cicsa_data.product_product_066,RECOMMENDED SPARE PARTS 1ST YEAR,2014-12-31,1.00,116712.63,,,Unit(s),5
pol_cicsa_017,purchase.order.line,po_cicsa_002,cicsa_data.product_product_066,RECOMMENDED SPARE PARTS 2ND YEAR,2014-12-31,1.00,62021.93,,,Unit(s),6
pol_cicsa_018,purchase.order.line,po_cicsa_003,cicsa_data.product_product_059,"CASING BLANK, 9-5/8""Ø, 43.5#/FT, L80, BTC, R3    CODE:  1-10-30-60",2013-10-01,51333.00,33.99,,,Feet(s),2
pol_cicsa_019,purchase.order.line,po_cicsa_003,cicsa_data.product_product_059,"CASING SLOTTED,  0.020 STRAIGHT SLOT, 7""Ø, 23#/FT, J55, BTC, R3    CODE:  1-10-30-140",2014-09-01,39600.00,57.86,,,Feet(s),4
pol_cicsa_020,purchase.order.line,po_cicsa_003,cicsa_data.product_product_059,"CASING SLOTTED,  0.015 STRAIGHT SLOT, 7""Ø, 23#/FT, J55, BTC, R3    CODE:  1-10-30-120",2014-09-15,19100.00,77.14,,,Feet(s),5
pol_cicsa_021,purchase.order.line,po_cicsa_003,cicsa_data.product_product_059,"CASING SLOTTED,  0.015 STRAIGHT SLOT, 7""Ø, 23#/FT, J55, BTC, R3    CODE:  1-10-30-120",2014-12-31,79900.00,77.14,,,Feet(s),5
pol_cicsa_022,purchase.order.line,po_cicsa_003,cicsa_data.product_product_059,"CASING SLOTTED,  0.030 STRAIGHT SLOT, 5-1/2""Ø, 17#/FT, J55, BTC, R3    CODE:  1-10-30-100",2014-09-15,4950.00,47.66,,,Feet(s),6
pol_cicsa_023,purchase.order.line,po_cicsa_003,cicsa_data.product_product_059,"CASING BLANK, 9-5/8""Ø, 43.5#/FT, L80, TSH BLUE, R3    CODE:  1-10-30-65",2013-10-01,44000.00,52.47,,,Feet(s),7
pol_cicsa_024,purchase.order.line,po_cicsa_003,cicsa_data.product_product_059,"CASING BLANK, 9-5/8""Ø, 43.5#/FT, L80, TSH BLUE, R3    CODE:  1-10-30-65",2013-11-01,44000.00,52.47,,,Feet(s),7
pol_cicsa_025,purchase.order.line,po_cicsa_003,cicsa_data.product_product_059,"CASING BLANK, 9-5/8""Ø, 43.5#/FT, L80, TSH BLUE, R3    CODE:  1-10-30-65",2013-12-01,44000.00,52.47,,,Feet(s),7
pol_cicsa_026,purchase.order.line,po_cicsa_003,cicsa_data.product_product_059,"TUBING, 5-1/2""Ø, 17#/FT, J55, LTC, R2    CODE:  1-10-30-10",2014-09-15,122980.00,16.20,,,Feet(s),8
pol_cicsa_027,purchase.order.line,po_cicsa_003,cicsa_data.product_product_059,"CASING SLOTTED,  0.020 STRAIGHT SLOT, 7""Ø, 23#/FT, J55, L80, TSH BLUE TL, R3    CODE:  1-10-30-150",2014-09-02,34650.00,71.59,,,Feet(s),10
pol_cicsa_028,purchase.order.line,po_cicsa_003,cicsa_data.product_product_059,"CASING SLOTTED,  0.015 STRAIGHT SLOT, 7""Ø, 23#/FT, J55, L80, TSH BLUE TL, R3    CODE:  1-10-30-130",2014-09-15,56100.00,90.45,,,Feet(s),11
pol_cicsa_029,purchase.order.line,po_cicsa_003,cicsa_data.product_product_059,"CASING SLOTTED,  0.015 STRAIGHT SLOT, 7""Ø, 23#/FT, J55, L80, TSH BLUE TL, R3    CODE:  1-10-30-130",2014-12-31,28050.00,90.45,,,Feet(s),11
pol_cicsa_030,purchase.order.line,po_cicsa_003,cicsa_data.product_product_059,"CASING SLOTTED,  0.030 STRAIGHT SLOT, 5-1/2""Ø, 17#/FT, J55, L80, TSH BLUE TL, R3    CODE:  1-10-30-110",2014-09-15,4950.00,61.84,,,Feet(s),12
pol_cicsa_031,purchase.order.line,po_cicsa_004,cicsa_data.product_product_071,"SUB-DILUENT INJECTION, 1.9 TSH 2.5"" OD    CODE:  1-10-20-5",2014-08-01,10.00,11067.19,,,Unit(s),12
pol_cicsa_032,purchase.order.line,po_cicsa_004,cicsa_data.product_product_071,"SUB-DILUENT INJECTION, 1.9 TSH 2.5"" OD    CODE:  1-10-20-5",2014-10-01,42.00,11067.19,,,Unit(s),12
pol_cicsa_033,purchase.order.line,po_cicsa_004,cicsa_data.product_product_066,"GAUGE-MULTIPOINT, VIBRATION-PRESSURE-TEMPERATURE, 24""X 1""Ø    CODE:  1-10-5-20",2013-09-20,12.00,39912.01,,,Unit(s),14
pol_cicsa_034,purchase.order.line,po_cicsa_004,cicsa_data.product_product_066,"LOGGER-DATA, RMSEM SURFACE, 6 SENSOR,  COMM. SERIAL-USB-BT-ETHERNET, ANALOG-DIGITAL INPUT/OUTPUT, 24 VDC, 5W    CODE:  1-10-5-40",2014-05-02,9.00,66543.15,,,Unit(s),20
pol_cicsa_035,purchase.order.line,po_cicsa_004,cicsa_data.product_product_069,"ROD-SUCKER, GRADE T66, 1-1/4"" X 25FT, W/GRADE T, 1""  COUPLING     CODE:  1-10-35-10",2014-09-01,3536.00,817.90,,,Unit(s),22
pol_cicsa_036,purchase.order.line,po_cicsa_004,cicsa_data.product_product_069,"ROD-PONY, GRADE T66, 1-1/4"" X 4FT, W/GRADE T, 1""  COUPLING     CODE:  1-10-35-25",2014-06-02,10.00,274.03,,,Unit(s),25
pol_cicsa_037,purchase.order.line,po_cicsa_005,cicsa_data.product_product_071,"NIPPLE-TAG BAR, 4-1/2"" EUE PIN X 2FT    CODE:  1-10-25-25",2014-09-01,4.00,0.00,,,Unit(s),8
pol_cicsa_038,purchase.order.line,po_cicsa_005,cicsa_data.product_product_071,"VALVE-DRAIN, 5-1/2"" LTC X 1FT, 3000 PSI    CODE:  1-10-25-30",2014-06-02,20.00,0.00,,,Unit(s),9
pol_cicsa_039,purchase.order.line,po_cicsa_005,cicsa_data.product_product_071,"VALVE-DRAIN, 5-1/2"" LTC X 1FT, 3000 PSI    CODE:  1-10-25-30",2014-07-01,13.00,0.00,,,Unit(s),9
pol_cicsa_040,purchase.order.line,po_cicsa_005,cicsa_data.product_product_071,"VALVE-DRAIN, 5-1/2"" LTC X 1FT, 3000 PSI    CODE:  1-10-25-30",2014-08-01,10.00,0.00,,,Unit(s),9
pol_cicsa_041,purchase.order.line,po_cicsa_005,cicsa_data.product_product_071,"NIPPLE-PROFILE SEATING, 5-1/2"" LTC, 15.5 LF/FT X 1FT    CODE:  1-10-25-35",2014-06-02,20.00,0.00,,,Unit(s),10
pol_cicsa_042,purchase.order.line,po_cicsa_005,cicsa_data.product_product_071,"NIPPLE-PROFILE SEATING, 5-1/2"" LTC, 15.5 LF/FT X 1FT    CODE:  1-10-25-35",2014-07-01,13.00,0.00,,,Unit(s),10
pol_cicsa_043,purchase.order.line,po_cicsa_005,cicsa_data.product_product_071,"NIPPLE-PROFILE SEATING, 5-1/2"" LTC, 15.5 LF/FT X 1FT    CODE:  1-10-25-35",2014-08-01,10.00,0.00,,,Unit(s),10
pol_cicsa_044,purchase.order.line,po_cicsa_005,cicsa_data.product_product_071,"SUB-DILUENT INJECTION, 1.9 TSH 2.5"" OD    CODE:  1-10-20-5",2014-08-01,10.00,2797.57,,,Unit(s),12
pol_cicsa_045,purchase.order.line,po_cicsa_005,cicsa_data.product_product_071,"SUB-DILUENT INJECTION, 1.9 TSH 2.5"" OD    CODE:  1-10-20-5",2014-10-01,42.00,2797.57,,,Unit(s),12
pol_cicsa_046,purchase.order.line,po_cicsa_005,cicsa_data.product_product_066,"GAUGE-MULTIPOINT, VIBRATION-PRESSURE-TEMPERATURE, 24""X 1""Ø    CODE:  1-10-5-20",2013-09-20,12.00,10088.98,,,Unit(s),14
pol_cicsa_047,purchase.order.line,po_cicsa_005,cicsa_data.product_product_071,"CLAMP-CABLE PROTECTOR, CROSS COUPLING, DOUBLE SLOT, F\ 3/4"" DILUENT INJECTION LINE    CODE:  1-10-40-15",2014-08-01,780.00,0.00,,,Unit(s),18
pol_cicsa_048,purchase.order.line,po_cicsa_005,cicsa_data.product_product_066,"KIT-SPLICE, 1/4"",  F/TUBING ENCAPSULATED CABLE , P/N 1211-250    CODE:  1-10-5-35",2014-06-02,11.00,0.00,,,Unit(s),19
pol_cicsa_049,purchase.order.line,po_cicsa_005,cicsa_data.product_product_066,"LOGGER-DATA, RMSEM SURFACE, 6 SENSOR,  COMM. SERIAL-USB-BT-ETHERNET, ANALOG-DIGITAL INPUT/OUTPUT, 24 VDC, 5W    CODE:  1-10-5-40",2014-05-02,9.00,16820.82,,,Unit(s),20
pol_cicsa_050,purchase.order.line,po_cicsa_005,cicsa_data.product_product_066,"KIT-Y SPLICE, 1/4"", F/TUBING ENCAPSULATED CABLE, P/N 1261-300    CODE:  1-10-5-45",2014-06-02,20.00,0.00,,,Unit(s),21
pol_cicsa_051,purchase.order.line,po_cicsa_005,cicsa_data.product_product_066,"KIT-Y SPLICE, 1/4"", F/TUBING ENCAPSULATED CABLE, P/N 1261-300    CODE:  1-10-5-45",2014-07-01,13.00,0.00,,,Unit(s),21
pol_cicsa_052,purchase.order.line,po_cicsa_005,cicsa_data.product_product_066,"KIT-Y SPLICE, 1/4"", F/TUBING ENCAPSULATED CABLE, P/N 1261-300    CODE:  1-10-5-45",2014-08-01,10.00,0.00,,,Unit(s),21
pol_cicsa_053,purchase.order.line,po_cicsa_005,cicsa_data.product_product_069,"ROD-SUCKER, GRADE T66, 1-1/4"" X 25FT, W/GRADE T, 1""  COUPLING     CODE:  1-10-35-10",2014-09-01,3536.00,206.75,,,Unit(s),22
pol_cicsa_054,purchase.order.line,po_cicsa_005,cicsa_data.product_product_069,"ROD-PONY, GRADE T66, 1-1/4"" X 1FT, W/GRADE T, 1""  COUPLING     CODE:  1-10-35-15",2013-09-25,156.00,0.00,,,Unit(s),23
pol_cicsa_055,purchase.order.line,po_cicsa_005,cicsa_data.product_product_069,"ROD-PONY, GRADE T66, 1-1/4"" X 4FT, W/GRADE T, 1""  COUPLING     CODE:  1-10-35-25",2014-06-02,10.00,69.27,,,Unit(s),25
pol_cicsa_056,purchase.order.line,po_cicsa_006,cicsa_data.product_product_058,"ESPARRAGO, MATERIAL ACERO ALEADO, NORMA Y GRADO ASTM A 193 B7, DIAMETRO 3/4 in, LONGITUD 4-1/2 in, TIPO DE ROSCA UNC CLASE 2A, TIPO DE TUERCA HEXAGONAL PESADA, NUMERO DE TUERCAS 2, NORMA Y GRADO DE LA TUERCA ASTM A 194 GR 2H, ACABADO PAVONADO, NORMA DE FABRICACION ASME B1.1, NORMA FABRICACION DE LA TUERCA ASME B18.2.2, PASO 10 HILOS X IN.",2014-08-15,640.00,165.00,,,Unit(s),1
pol_cicsa_057,purchase.order.line,po_cicsa_006,cicsa_data.product_product_073,"INDICADOR DE PRESIÓN TIPO MANÓMETRO, ELEMENTO BOURDON 316SS RANGO 0-300, CAJA FENÓLICA DE FRENTE SÓLIDO Y VIDRIO DE SEGURIDAD, DIAL 4-1/2"" FONDO BLANCO CON INSCRIPCIONES NEGRAS, CONEXIÓN A PROCESO: 1/2"" NPT-M POR DEBAJO, PRECISIÓN 0,5%. MODELO:45-1259-SD-04-L-XSGNHCD-1-0/300 PSI. INCLUYE SELLO DIAFRAGMA EN ACERO INOXIDABLE CONEXIÓN A PROCESO: 3/4"" NPT-F, MODELO: 75-200-S-S-04T-CG, FABRICANTE: ASHCROFT. INCLUYE PLACA DE IDENTIFICACIÓN GRABADO EN ACERO INOXIDABLE FIJADO PERMANENTEMENTE AL INSTRUMENTO.",2014-09-05,40.00,4086.60,,,Unit(s),1
pol_cicsa_058,purchase.order.line,po_cicsa_006,cicsa_data.product_product_073,"INDICADOR DE PRESIÓN TIPO MANÓMETRO, ELEMENTO BOURDON 316SS RANGO VER HOJA DE DATOS, CAJA FENÓLICA DE FRENTE SÓLIDO Y VIDRIO DE SEGURIDAD, DIAL 4-1/2"" FONDO BLANCO CON INSCRIPCIONES NEGRAS, CONEXIÓN A PROCESO: 1/2"" NPT-M POR DEBAJO, PRECISIÓN 0,5%. MODELO:45-1259-SD-04-L-XSGNHCD-1-0/600 PSI. INCLUYE SELLO DIAFRAGMA EN ACERO INOXIDABLE CONEXIÓN A PROCESO: 3/4"" NPT-F, MODELO: 75-200-S-S-04T-CG, FABRICANTE: ASHCROFT. INCLUYE PLACA DE IDENTIFICACIÓN GRABADO EN ACERO INOXIDABLE FIJADO PERMANENTEMENTE AL INSTRUMENTO",2014-09-05,20.00,4086.60,,,Unit(s),2
pol_cicsa_059,purchase.order.line,po_cicsa_006,cicsa_data.product_product_073,"INDICADOR DE TEMPERATURA CON TERMOPOZO, TIPO TERMÓMETRO BIMETÁLICO, RANGO 0-200 °F, DIAL 5"", HERMÉTICAMENTE SELLADO FONDO BLANCO CON INSCRIPCIONES NEGRAS, CON CABEZA RETRÁCTIL TODO ÁNGULO, CUERPO DE ACERO INOXIDABLE. MODELO: 50-EI-60E120-XSG. FABRICANTE: ASHCROFT. INCLUYE TERMOPOZO EN ACERO INOXIDABLE, TIPO TAPERED  CONEXIÓN 1-½"" 300# RF, LONGITUD U = 10"" (DONDE U ES LA LONGITUD DEL TERMOPOZO HASTA LA BRIDA DE CONEXIÓN) Y  LONGITUD TOTAL = 12"".  INCLUYE PLACA DE IDENTIFICACIÓN GRABADO EN ACERO INOXIDABLE FIJADO PERMANENTEMENTE AL INSTRUMENTO.",2014-09-05,20.00,2099.83,,,Unit(s),3
pol_cicsa_060,purchase.order.line,po_cicsa_006,cicsa_data.product_product_073,"INDICADOR DE PRESIÓN TIPO MANÓMETRO, ELEMENTO BOURDON 316 SS RANGO 0-1500 PSI, CAJA FENÓLICA DE FRENTE SÓLIDO Y VIDRIO DE SEGURIDAD, DIAL 4-1/2"", FONDO BLANCO CON INSCRIPCIONES NEGRAS, CONEXIÓN A PROCESOS: 1/2"" NPT-M POR DEBAJO, PRECISIÓN 0,5%. MODELO: 45-1259-SD-04L-XSGNHCD-1-0/1500 PSI. INCLUYE SELLO DIAFRAGMA EN ACERO INOXIDABLE, CONEXIÓN A PROCESO: 3/4"" NPT-F, MODELO: 75-200-S-S-04T-CG, FABRICANTE: ASHCROFT. INCLUYE PLACA DE IDENTIFICACIÓN GRABADO EN ACERO INOXIDABLE FIJADO PERMANENTEMENTE AL INSTRUMENTO.",2014-09-05,1.00,3116.34,,,Unit(s),4
pol_cicsa_061,purchase.order.line,po_cicsa_006,cicsa_data.product_product_073,"INDICADOR DE PRESIÓN TIPO MANÓMETRO, ELEMENTO BOURDON 316SS, RANGO 0-300 PSI, CAJA FENÓLICA DE FRENTE SÓLIDO Y VIDRIO DE SEGURIDAD , DIAL 4-1/2"", FONDO BLANCO CON INSCRIPCIONES NEGRA, CONEXIÓN A PROCESOS 1/2"" NPT-M POR DEBAJO, PRECISIÓN 0,5%. MODELO:45-1259-SD-04L-XNHCD-1-0/300PSI. INCLUYE SELLO DIAFRAGMA EN ACERO INOXIDABLE, CONEXIÓN A PROCESOS 3/4"" NPT-F, MODELO: 75-200-S-S-04T-CG, FABRICANTE: ASHCROFT. INCLUYE PLACA DE IDENTIFICACIÓN, GRABADO EN ACERO INOXIDABLE FIJADO PERMANENTEMENTE AL INSTRUMENTO",2014-09-05,2.00,1980.72,,,Unit(s),5
pol_cicsa_062,purchase.order.line,po_cicsa_006,cicsa_data.product_product_073,"INDICADOR DE PRESIÓN TIPO MANÓMETRO, ELEMENTO BOURDON 316SS, RANGO 0-1000 PSI, CAJA FENÓLICA DE FRENTE SÓLIDO Y VIDRIO DE SEGURIDAD , DIAL 4-1/2"", FONDO BLANCO CON INSCRIPCIONES NEGRA, CONEXIÓN A PROCESOS 1/2"" NPT-M POR DEBAJO, PRECISIÓN 0,5%. MODELO:45-1259-SD-04L-XNGCD-1-0/1000PSI. INCLUYE SELLO DIAFRAGMA EN ACERO INOXIDABLE, CONEXIÓN A PROCESOS 3/4"" NPT-F, MODELO: 75-200-S-S-04T-CG, FABRICANTE: ASHCROFT. INCLUYE PLACA DE IDENTIFICACIÓN, GRABADO EN ACERO INOXIDABLE FIJADO PERMANENTEMENTE AL INSTRUMENTO",2014-09-05,2.00,2274.03,,,Unit(s),6
pol_cicsa_063,purchase.order.line,po_cicsa_007,cicsa_data.product_product_073,"INDICADOR DE PRESIÓN TIPO MANÓMETRO, ELEMENTO BOURDON 316SS RANGO 0-300, CAJA FENÓLICA DE FRENTE SÓLIDO Y VIDRIO DE SEGURIDAD, DIAL 4-1/2"" FONDO BLANCO CON INSCRIPCIONES NEGRAS, CONEXIÓN A PROCESO: 1/2"" NPT-M POR DEBAJO, PRECISIÓN 0,5%. MODELO:45-1259-SD-04-L-XSGNHCD-1-0/300 PSI. INCLUYE SELLO DIAFRAGMA EN ACERO INOXIDABLE CONEXIÓN A PROCESO: 3/4"" NPT-F, MODELO: 75-200-S-S-04T-CG, FABRICANTE: ASHCROFT. INCLUYE PLACA DE IDENTIFICACIÓN GRABADO EN ACERO INOXIDABLE FIJADO PERMANENTEMENTE AL INSTRUMENTO.",2014-09-05,40.00,1102.40,,,Unit(s),1
pol_cicsa_064,purchase.order.line,po_cicsa_007,cicsa_data.product_product_073,"INDICADOR DE PRESIÓN TIPO MANÓMETRO, ELEMENTO BOURDON 316SS RANGO VER HOJA DE DATOS, CAJA FENÓLICA DE FRENTE SÓLIDO Y VIDRIO DE SEGURIDAD, DIAL 4-1/2"" FONDO BLANCO CON INSCRIPCIONES NEGRAS, CONEXIÓN A PROCESO: 1/2"" NPT-M POR DEBAJO, PRECISIÓN 0,5%. MODELO:45-1259-SD-04-L-XSGNHCD-1-0/600 PSI. INCLUYE SELLO DIAFRAGMA EN ACERO INOXIDABLE CONEXIÓN A PROCESO: 3/4"" NPT-F, MODELO: 75-200-S-S-04T-CG, FABRICANTE: ASHCROFT. INCLUYE PLACA DE IDENTIFICACIÓN GRABADO EN ACERO INOXIDABLE FIJADO PERMANENTEMENTE AL INSTRUMENTO",2014-09-05,20.00,1102.40,,,Unit(s),2
pol_cicsa_065,purchase.order.line,po_cicsa_007,cicsa_data.product_product_073,"INDICADOR DE TEMPERATURA CON TERMOPOZO, TIPO TERMÓMETRO BIMETÁLICO, RANGO 0-200 °F, DIAL 5"", HERMÉTICAMENTE SELLADO FONDO BLANCO CON INSCRIPCIONES NEGRAS, CON CABEZA RETRÁCTIL TODO ÁNGULO, CUERPO DE ACERO INOXIDABLE. MODELO: 50-EI-60E120-XSG. FABRICANTE: ASHCROFT. INCLUYE TERMOPOZO EN ACERO INOXIDABLE, TIPO TAPERED  CONEXIÓN 1-½"" 300# RF, LONGITUD U = 10"" (DONDE U ES LA LONGITUD DEL TERMOPOZO HASTA LA BRIDA DE CONEXIÓN) Y  LONGITUD TOTAL = 12"".  INCLUYE PLACA DE IDENTIFICACIÓN GRABADO EN ACERO INOXIDABLE FIJADO PERMANENTEMENTE AL INSTRUMENTO.",2014-09-05,20.00,740.94,,,Unit(s),3
pol_cicsa_066,purchase.order.line,po_cicsa_007,cicsa_data.product_product_073,"INDICADOR DE PRESIÓN TIPO MANÓMETRO, ELEMENTO BOURDON 316 SS RANGO 0-1500 PSI, CAJA FENÓLICA DE FRENTE SÓLIDO Y VIDRIO DE SEGURIDAD, DIAL 4-1/2"", FONDO BLANCO CON INSCRIPCIONES NEGRAS, CONEXIÓN A PROCESOS: 1/2"" NPT-M POR DEBAJO, PRECISIÓN 0,5%. MODELO: 45-1259-SD-04L-XSGNHCD-1-0/1500 PSI. INCLUYE SELLO DIAFRAGMA EN ACERO INOXIDABLE, CONEXIÓN A PROCESO: 3/4"" NPT-F, MODELO: 75-200-S-S-04T-CG, FABRICANTE: ASHCROFT. INCLUYE PLACA DE IDENTIFICACIÓN GRABADO EN ACERO INOXIDABLE FIJADO PERMANENTEMENTE AL INSTRUMENTO.",2014-09-05,1.00,800.30,,,Unit(s),4
pol_cicsa_067,purchase.order.line,po_cicsa_007,cicsa_data.product_product_073,"INDICADOR DE PRESIÓN TIPO MANÓMETRO, ELEMENTO BOURDON 316SS, RANGO 0-300 PSI, CAJA FENÓLICA DE FRENTE SÓLIDO Y VIDRIO DE SEGURIDAD , DIAL 4-1/2"", FONDO BLANCO CON INSCRIPCIONES NEGRA, CONEXIÓN A PROCESOS 1/2"" NPT-M POR DEBAJO, PRECISIÓN 0,5%. MODELO:45-1259-SD-04L-XNHCD-1-0/300PSI. INCLUYE SELLO DIAFRAGMA EN ACERO INOXIDABLE, CONEXIÓN A PROCESOS 3/4"" NPT-F, MODELO: 75-200-S-S-04T-CG, FABRICANTE: ASHCROFT. INCLUYE PLACA DE IDENTIFICACIÓN, GRABADO EN ACERO INOXIDABLE FIJADO PERMANENTEMENTE AL INSTRUMENTO",2014-09-05,2.00,700.66,,,Unit(s),5
pol_cicsa_068,purchase.order.line,po_cicsa_007,cicsa_data.product_product_073,"INDICADOR DE PRESIÓN TIPO MANÓMETRO, ELEMENTO BOURDON 316SS, RANGO 0-1000 PSI, CAJA FENÓLICA DE FRENTE SÓLIDO Y VIDRIO DE SEGURIDAD , DIAL 4-1/2"", FONDO BLANCO CON INSCRIPCIONES NEGRA, CONEXIÓN A PROCESOS 1/2"" NPT-M POR DEBAJO, PRECISIÓN 0,5%. MODELO:45-1259-SD-04L-XNGCD-1-0/1000PSI. INCLUYE SELLO DIAFRAGMA EN ACERO INOXIDABLE, CONEXIÓN A PROCESOS 3/4"" NPT-F, MODELO: 75-200-S-S-04T-CG, FABRICANTE: ASHCROFT. INCLUYE PLACA DE IDENTIFICACIÓN, GRABADO EN ACERO INOXIDABLE FIJADO PERMANENTEMENTE AL INSTRUMENTO",2014-09-05,2.00,750.48,,,Unit(s),6
pol_cicsa_069,purchase.order.line,po_cicsa_008,cicsa_data.product_product_054,"CODO 1-1/2” 90° RC 3000# SW ASME B16.11, ASTM A105 SIN COSTURA",2014-08-28,420.00,577.00,,,Unit(s),1
pol_cicsa_070,purchase.order.line,po_cicsa_008,cicsa_data.product_product_054,"TE RECTA 1-1/2”, BOQUILLA PARA SOLDAR, DIAMETRO NOMINAL TUBERIA 1-1/2 in, MATERIAL ACERO AL CARBONO, NORMA Y GRADO ASTM A 105, CLASE 3000, NORMA DE FABRICACION ASME B16.11, RECUBRIMIENTO PINTURA ANTICORROSIVA.",2014-08-28,120.00,1180.96,,,Unit(s),6
pol_cicsa_071,purchase.order.line,po_cicsa_008,cicsa_data.product_product_054,"TE REDUCTORA 1-1/2”x1/2”, BOQUILLA PARA SOLDAR, DIAMETRO NOMINAL TUBERIA 1-1/2X1/2 in, MATERIAL ACERO AL CARBONO, NORMA Y GRADO ASTM A 105, CLASE 3000, NORMA DE FABRICACION ASME B16.11, RECUBRIMIENTO PINTURA ANTICORROSIVA.",2014-08-28,20.00,1282.60,,,Unit(s),7
pol_cicsa_072,purchase.order.line,po_cicsa_008,cicsa_data.product_product_054,"TE REDUCTORA 1-1/2”x3/4”, BOQUILLA PARA SOLDAR, DIAMETRO NOMINAL TUBERIA 1-1/2X1-1/2X3/4 in, MATERIAL ACERO AL CARBONO, NORMA Y GRADO ASTM A 105, CLASE 3000, NORMA DE FABRICACION ASME B16.11, RECUBRIMIENTO PINTURA ANTICORROSIVA.",2014-08-28,120.00,1282.60,,,Unit(s),8
pol_cicsa_073,purchase.order.line,po_cicsa_008,cicsa_data.product_product_054,"TEE RED 1-1/2”x3/4”, 3000#, SW, ASTM A 105. SIN COSTURA ASME B 16.11",2014-08-28,5.00,1282.60,,,Unit(s),14
pol_cicsa_074,purchase.order.line,po_cicsa_009,cicsa_data.product_product_057,"BRIDA 1-1/2”, CIEGA, MATERIAL ACERO AL CARBONO, NORMA Y GRADO ASTM A 105, TIPO DE CARA SALIENTE, DIAMETRO NOMINAL TUBERIA 1-1/2 in, CLASE 300, ACABADO DE LA CARA 125 A 250 uin, NORMA DE FABRICACION ASME B16.5, RECUBRIMIENTO PINTURA ANTICORROSIVA.",2014-08-28,60.00,510.00,,,Unit(s),3
pol_cicsa_075,purchase.order.line,po_cicsa_009,cicsa_data.product_product_057,"BRIDA 1-1/2”, CUELLO PARA SOLDAR, MATERIAL ACERO AL CARBONO, NORMA Y GRADO ASTM A 105, TIPO DE CARA SALIENTE, DIAMETRO NOMINAL TUBERIA 1-1/2 in, CLASE 300, SCHEDULE 80/XS, ESPESOR DE PARED 0,200 IN, ACABADO DE LA CARA 125 A 250 uin, NORMA DE FABRICACION ASME B16.5, RECUBRIMIENTO PINTURA ANTICORROSIVA.",2014-08-28,300.00,718.00,,,Unit(s),4
pol_cicsa_076,purchase.order.line,po_cicsa_009,cicsa_data.product_product_057,"BRIDA 2”, CUELLO PARA SOLDAR, MATERIAL ACERO AL CARBONO, NORMA Y GRADO ASTM A 105, TIPO DE CARA SALIENTE, DIAMETRO NOMINAL TUBERIA 2 in, CLASE 300, SCH XS, ACABADO DE LA CARA 125 A 250 uin, NORMA DE FABRICACION ASME B16.5.",2014-08-28,40.00,826.00,,,Unit(s),5
pol_cicsa_077,purchase.order.line,po_cicsa_009,cicsa_data.product_product_054,"BUSHING ROSCADO 3/4""X1/2"", ASTM A-105 AWSME B16.11",2014-08-28,100.00,248.00,,,Unit(s),6
pol_cicsa_078,purchase.order.line,po_cicsa_009,cicsa_data.product_product_054,"NIPLE REDUCIDO SCH XS, EXTREMOS ROSCADO 1-1/2"" X PLANO 3/4"", ASTM A-106 Gr.B",2014-08-28,20.00,1476.00,,,Unit(s),9
pol_cicsa_079,purchase.order.line,po_cicsa_009,cicsa_data.product_product_054,"NIPLE REDUCIDO SCH XS, EXTREMOS ROSCADO 2"" X PLANO 1-1/2"", ASTM A-106 Gr.B",2014-08-28,60.00,1476.00,,,Unit(s),10
pol_cicsa_080,purchase.order.line,po_cicsa_009,cicsa_data.product_product_054,"NIPLE 3/4” SMLS, SCH XS EXTREMO PLANO, ASTM A-106 Gr. B, LONG. 3""",2014-08-28,260.00,216.00,,,Unit(s),11
pol_cicsa_081,purchase.order.line,po_cicsa_009,cicsa_data.product_product_054,"NIPLE 1-1/2”, EXTREMO PLANO X EXTREMO ROSCADO, DISEÑO RECTO, MATERIAL ACERO AL CARBONO ASTM A-106 Gr. B, DIAMETRO NOMINAL 1-1/2 in, LONGITUD 3 IN, SCHEDULE XS",2014-08-28,120.00,278.00,,,Unit(s),12
pol_cicsa_082,purchase.order.line,po_cicsa_009,cicsa_data.product_product_054,"TAPON MACHO 1/2"", ROSCADO, 3000#, ASTM A105 ASME B16.11, CABEZA HEXAGONAL",2014-08-28,40.00,119.00,,,Unit(s),13
pol_cicsa_083,purchase.order.line,po_cicsa_009,cicsa_data.product_product_054,"Tapón macho 3/4"", cabeza hexagonal 3000#, roscado NPT, Astm A-105, Asme B16.11.",2014-08-28,2.00,160.00,,,Unit(s),14
pol_cicsa_084,purchase.order.line,po_cicsa_009,cicsa_data.product_product_057,"BRIDA 1-1/2” SW, 300# RF-125-200 AARH ASTM A-105 FABRICACIÓN ASME B16.5. SCH XS",2014-08-28,7.00,576.00,,,Unit(s),15
pol_cicsa_085,purchase.order.line,po_cicsa_009,cicsa_data.product_product_054,"NIPLE 1-1/2”, SCH XS, EXTREMOS PLANOS, SMLS, ASTM A106 GRADO B, A53-B TIPO S ó API 5L LONG.= 6""",2014-08-28,15.00,747.00,,,Unit(s),18
pol_cicsa_086,purchase.order.line,po_cicsa_009,cicsa_data.product_product_054,"TAPÓN MACHO 3/4” CLASE, 3000#, HEXAGONAL ROSCADO NPT, ASTM A 105, ASME B 16.11",2014-08-28,27.00,160.00,,,Unit(s),19
pol_cicsa_087,purchase.order.line,po_cicsa_009,cicsa_data.product_product_054,"TEE RED 2”x1”, 3000#, SW, ASTM A 105. SIN COSTURA ASME B 16.11 ",2014-08-28,4.00,2497.00,,,Unit(s),21
pol_cicsa_088,purchase.order.line,po_cicsa_009,cicsa_data.product_product_054,"TEE RED 2”x3/4”, 3000#, SW, ASTM A 105. SIN COSTURA ASME B 16.11 ",2014-08-28,4.00,2494.00,,,Unit(s),22
pol_cicsa_089,purchase.order.line,po_cicsa_009,cicsa_data.product_product_054,"TUBERÍA 1”, SCH XS, A106 Gr. B, A53-B TIPO S ó API 5L Gr. B EXTREMO PLANO. ",2014-08-28,6.00,1208.00,,,m,23
pol_cicsa_090,purchase.order.line,po_cicsa_009,cicsa_data.product_product_054,"NIPLE 3/4"" , SMLS, PE, SCH XS, ASTM A106 Gr.B, LONGITUD 3""",2014-08-28,12.00,181.00,,,Unit(s),24
pol_cicsa_091,purchase.order.line,po_cicsa_010,cicsa_data.product_product_057,"BRIDA, 3/4"" SW, MATERIAL ACERO AL CARBONO, NORMA Y GRADO ASTM A 105, TIPO DE CARA SALIENTE, DIAMETRO NOMINAL TUBERIA 3/4 in, CLASE 300, SCHEDULE 80/XS, ACABADO DE LA CARA 125 A 250 uin, NORMA DE FABRICACION ASME B16.5, RECUBRIMIENTO PINTURA ANTICORROSIVA.",2014-08-15,20.00,511.50,,,Unit(s),1
pol_cicsa_092,purchase.order.line,po_cicsa_010,cicsa_data.product_product_054,"NIPLE 1/2” SMLS, SCH XS EXTREMO PLANO, ASTM A106 Gr.B  LONG. 3""",2014-08-15,60.00,170.17,,,Unit(s),2
pol_cicsa_093,purchase.order.line,po_cicsa_010,cicsa_data.product_product_054,"NIPLE 1-1/2”, EXTREMOS PLANOS, MATERIAL ACERO AL CARBONO ASTM A-106 Gr. B, DIAMETRO NOMINAL 1-1/2 in, LONGITUD 3 IN, SCHEDULE XS,",2014-08-15,180.00,392.15,,,Unit(s),3
pol_cicsa_094,purchase.order.line,po_cicsa_010,cicsa_data.product_product_054,"NIPLE 3/4"", SOLDABLE, PROCESO DE MANUFACTURA SIN COSTURA, DISEÑO RECTO, MATERIAL ACERO AL CARBONO, NORMA Y GRADO ASTM A 106 B, TIPO DE EXTREMOS PLANOS X ROSCADO, DIAMETRO NOMINAL 3/4 IN, LONGITUD 3 IN, SCHEDULE XS, NORMA DE FABRICACION ANSI B16.11.",2014-08-15,60.00,207.78,,,Unit(s),4
pol_cicsa_095,purchase.order.line,po_cicsa_010,cicsa_data.product_product_053,"TUBERÍA DE ACERO AL CARBONO 1-1/2” SCH XS, ASTM A-53 Gr. B, TIPO S, EXTREMOS PLANOS SIN COSTURA.",2014-08-15,1992.00,1085.00,,,m,5
pol_cicsa_096,purchase.order.line,po_cicsa_010,cicsa_data.product_product_054,"Niple 2” Sch Xs, Astm A-106 Gr. B, long= 3"", Extremos planos, sin costura.",2014-08-15,1.00,534.16,,,Unit(s),6
pol_cicsa_097,purchase.order.line,po_cicsa_010,cicsa_data.product_product_054,"Tapón macho 2”, cabeza hexagonal 3000#, roscado NPT, Astm A-105, Asme B16.11.",2014-08-15,1.00,663.40,,,Unit(s),7
pol_cicsa_098,purchase.order.line,po_cicsa_010,cicsa_data.product_product_054,"INSERTO REDUCTOR 2”x1”, 3000#, SW ASTM A 105. SIN COSTURA, MSS-SP-97",2014-08-15,4.00,852.50,,,Unit(s),8
pol_cicsa_099,purchase.order.line,po_cicsa_010,cicsa_data.product_product_054,"NIPLE 1-1/2”, SCH STD, EXTREMO BISELADO POR EXTREMO PLANO, SMLS, ASTM A106 GRADO B, A53-B TIPO S ó API 5L LONG.= 6""",2014-08-15,1.00,574.91,,,Unit(s),9
pol_cicsa_100,purchase.order.line,po_cicsa_010,cicsa_data.product_product_054,"NIPLE 1”, SCH XS, EXTREMOS PLANOS, SMLS, ASTM A106 GRADO B, A53-B TIPO S ó API 5L LONG.= 6""",2014-08-15,6.00,507.69,,,Unit(s),10
pol_cicsa_101,purchase.order.line,po_cicsa_010,cicsa_data.product_product_054,"NIPPLE 2”, SCH XS, EXTREMO BISELADO POR EXTREMO PLANO, SIN COSTURA ASTM A106-Gr B A53-B TIPO S, API 5L LONG.= 3""",2014-08-15,5.00,533.28,,,Unit(s),11
pol_cicsa_102,purchase.order.line,po_cicsa_010,cicsa_data.product_product_054,"NIPPLE 2”, SCH XS, EXTREMO ROSCADO  POR EXTREMO PLANO, SIN COSTURA ASTM A106-Gr B A53-B TIPO S, API 5L LONG.= 3""",2014-08-15,3.00,534.16,,,Unit(s),12
pol_cicsa_103,purchase.order.line,po_cicsa_010,cicsa_data.product_product_054,"NIPPLE 2”, SCH XS, EXTREMOS BISELADOS, SIN COSTURA ASTM A106-Gr B A53-B TIPO S, API 5L LONG.= 3""",2014-08-15,3.00,534.16,,,Unit(s),13
pol_cicsa_104,purchase.order.line,po_cicsa_010,cicsa_data.product_product_054,"RED. EXCÉNTRICA 2”X1”, SCH XS, BW, EXTREMOS SOLDADOS, ASTM A234-WPB ASME B16.9",2014-08-15,4.00,994.98,,,Unit(s),14
pol_cicsa_105,purchase.order.line,po_cicsa_010,cicsa_data.product_product_054,"BUSHING DE Ø 3/4"" x 1/2"" A/C A-105, ROSCA NPT.",2014-08-15,4.00,134.79,,,Unit(s),17
pol_cicsa_106,purchase.order.line,po_cicsa_010,cicsa_data.product_product_054,"TAPON ROSCADO 3/4"", MATERIAL ACERO AL CARBONO, NORMA Y GRADO ASTM A 105, TIPO DE CABEZA REDONDA, TIPO DE ROSCA MACHO NPT, DIAMETRO NOMINAL 3/4 IN, CLASE3000/6000, DISEÑO SOLIDO, NORMA DE FABRICACION ASME B16.11, RECUBRIMIENTO EXTERNO BARNIZADO.",2014-08-15,18.00,119.35,,,Unit(s),18
pol_cicsa_107,purchase.order.line,po_cicsa_011,cicsa_data.product_product_057,"BRIDA 3/4” SW, 300# RF SCH XS, ACABADO 125-200 AARH ASTM A105, FABRICACIÓN ASME B16.5",2014-08-28,2.00,410.00,,,Unit(s),6
pol_cicsa_108,purchase.order.line,po_cicsa_012,cicsa_data.product_product_057,"BRIDA CIEGA 6”, MATERIAL ACERO AL CARBONO, NORMA Y GRADO ASTM A 105, TIPO DE CARA SALIENTE, DIAMETRO NOMINAL TUBERIA 6 in, CLASE 300, SCHEDULE 40/STD,",2014-08-21,20.00,5670.00,,,Unit(s),1
pol_cicsa_109,purchase.order.line,po_cicsa_012,cicsa_data.product_product_054,"SOCKOLET 6”x1-1/2”, MATERIAL ACERO AL CARBONO, NORMA Y GRADO ASTM A 105, DIAMETRO TUBERIA 6 IN, DIAMETRO SALIDA 1-1/2 IN, SCHEDULE DE SALIDA XS/80, CLASE 3000, NORMA DE FABRICACION MSS SP 97.",2014-08-21,140.00,1220.00,,,Unit(s),2
pol_cicsa_110,purchase.order.line,po_cicsa_012,cicsa_data.product_product_054,"SOCKOLET 6”x1/2”, MATERIAL ACERO AL CARBONO, NORMA Y GRADO ASTM A 105, DIAMETRO TUBERIA 6 IN, DIAMETRO SALIDA 1/2 IN, SCHEDULE 3000, NORMA DE FABRICACION MSS-SP-97",2014-08-21,20.00,245.00,,,Unit(s),3
pol_cicsa_111,purchase.order.line,po_cicsa_012,cicsa_data.product_product_054,"SOCKOLET  6”x3/4”, MATERIAL ACERO AL CARBONO, NORMA Y GRADO ASTM A 105, DIAMETRO TUBERIA 6 IN, DIAMETRO SALIDA 3/4 IN, SCHEDULE 3000, NORMA DE FABRICACION MSS-SP-97",2014-08-21,40.00,340.00,,,Unit(s),4
pol_cicsa_112,purchase.order.line,po_cicsa_012,cicsa_data.product_product_054,"THREDOLET 6”x1”, MATERIAL ACERO AL CARBONO ASTM A.105, 3000#, EXTREMO SOLDADO, SIN COSTURA,  MSS-SP-97.",2014-08-21,20.00,475.00,,,Unit(s),5
pol_cicsa_113,purchase.order.line,po_cicsa_012,cicsa_data.product_product_054,"WELDOLET 6”x2”, MATERIAL ACERO AL CARBONO, NORMA Y GRADO ASTM A 105, DIAMETRO TUBERIA 6 in, DIAMETRO SALIDA 2 in, SCHEDULE DE SALIDA XS, NORMA DE FABRICACION MSS SP-97.",2014-08-21,40.00,2100.00,,,Unit(s),6
pol_cicsa_114,purchase.order.line,po_cicsa_012,cicsa_data.product_product_054,"WELDOLET 6”x3, MATERIAL ACERO AL CARBONO, NORMA Y GRADO ASTM A 105, DIAMETRO TUBERIA 6 in, DIAMETRO SALIDA 3 in, SCHEDULE DE SALIDA STD, NORMA DE FABRICACION MSS SP-97.",2014-08-21,20.00,4860.00,,,Unit(s),7
pol_cicsa_115,purchase.order.line,po_cicsa_012,cicsa_data.product_product_057,"Brida ciega 12” 300#, Astm A105, acabado 125-200 AARH, por Asme B. 16.5.",2014-08-21,2.00,18900.00,,,Unit(s),8
pol_cicsa_116,purchase.order.line,po_cicsa_012,cicsa_data.product_product_057,"Brida WN 12” 300#, RF, Sch 20, Astm A105, acabado 125-200 AARH, por Asme B. 16.5.",2014-08-21,10.00,15242.00,,,Unit(s),9
pol_cicsa_117,purchase.order.line,po_cicsa_012,cicsa_data.product_product_057,"Brida WN 12”  600#, RF, Sch 20, Astm A105, acabado 125-200 AARH, por Asme B. 16.5.",2014-08-21,2.00,29295.00,,,Unit(s),10
pol_cicsa_118,purchase.order.line,po_cicsa_012,cicsa_data.product_product_057,"Brida WN 12”  600#, RF, Sch Std, Astm A105, acabado 125-200 AARH, por Asme B. 16.5.",2014-08-21,1.00,29295.00,,,Unit(s),11
pol_cicsa_119,purchase.order.line,po_cicsa_012,cicsa_data.product_product_057,"Brida WN 8”  600#, RF, Sch Std, Astm A105, acabado 125-200 AARH, por Asme B. 16.5.",2014-08-21,4.00,15230.00,,,Unit(s),12
pol_cicsa_120,purchase.order.line,po_cicsa_012,cicsa_data.product_product_054,"Codo 12” de 90° RL, BW,  ASTM A-234 Gr. WPB, Sch Standart,  sin costura , Asme B16.9 .",2014-08-21,19.00,16200.00,,,Unit(s),13
pol_cicsa_121,purchase.order.line,po_cicsa_012,cicsa_data.product_product_054,"Sockolet 12” x 3/4” Astm A105, 3000#, MSS-SP-97, Sch Xs",2014-08-21,2.00,340.00,,,Unit(s),14
pol_cicsa_122,purchase.order.line,po_cicsa_012,cicsa_data.product_product_054,"Weldolet 12”x2”ASTM A-105, extremos soldados MSS-SP-97, Sch Xs.",2014-08-21,1.00,2100.00,,,Unit(s),15
pol_cicsa_123,purchase.order.line,po_cicsa_012,cicsa_data.product_product_057,"BRIDA 8” WN 300# RF ACABADO 125-200 AARH, ASTM A-105  SCH STD ASME B16.5.",2014-08-21,18.00,8100.00,,,Unit(s),16
pol_cicsa_124,purchase.order.line,po_cicsa_012,cicsa_data.product_product_057,"BRIDA 4” WN 300# RF, ACABADO 125-200 AARH,  ASTM A-105  SCH STD ASME B16.5.  ",2014-08-21,14.00,2892.00,,,Unit(s),17
pol_cicsa_125,purchase.order.line,po_cicsa_012,cicsa_data.product_product_057,"BRIDA 3” WN 300# RF, ACERO AL CARBONO ASTM A-105  SCH STD, ACABADO 125-200 AARH, ASME B16.5",2014-08-21,9.00,1890.00,,,Unit(s),18
pol_cicsa_126,purchase.order.line,po_cicsa_012,cicsa_data.product_product_054,"CODO 20” 45º, RL, BW,  ASTM A-234 Gr. WPB, SCH STD, ASME B16.9. SIN COSTURA",2014-08-21,4.00,27000.00,,,Unit(s),19
pol_cicsa_127,purchase.order.line,po_cicsa_012,cicsa_data.product_product_054,"RED. EXCÉNTRICA 4”x2”, SCH XS BW, EXTREMOS SOLDADOS, ASTM A234-WPB ASME B16.9",2014-08-21,4.00,1285.00,,,Unit(s),20
pol_cicsa_128,purchase.order.line,po_cicsa_012,cicsa_data.product_product_054,"SOCKOLET 20”x1”, 3000#, EXTREMO SOLDADO MSS-SP-97 ASTM A105",2014-08-21,1.00,475.00,,,Unit(s),21
pol_cicsa_129,purchase.order.line,po_cicsa_012,cicsa_data.product_product_054,"SOCKOLET 20”x1/2”, 3000#, EXTREMO SOLDADO MSS-SP-97 ASTM A105",2014-08-21,1.00,245.00,,,Unit(s),22
pol_cicsa_130,purchase.order.line,po_cicsa_012,cicsa_data.product_product_054,"SOCKOLET 20”x1-1/2”, 3000#, EXTREMO SOLDADO MSS-SP-97 ASTM A105",2014-08-21,5.00,475.00,,,Unit(s),23
pol_cicsa_131,purchase.order.line,po_cicsa_012,cicsa_data.product_product_054,"SOCKOLET 20”x3/4”, 3000#, EXTREMO SOLDADO MSS-SP-97 ASTM A105",2014-08-21,3.00,475.00,,,Unit(s),24
pol_cicsa_132,purchase.order.line,po_cicsa_012,cicsa_data.product_product_054,"SOCKOLET 3”x3/4”, 3000#, EXTREMO SOLDADO MSS-SP-97 ASTM A105",2014-08-21,2.00,340.00,,,Unit(s),25
pol_cicsa_133,purchase.order.line,po_cicsa_012,cicsa_data.product_product_054,"SOCKOLET 6”x1/2”, 3000#, EXTREMO SOLDADO MSS-SP-97 ASTM A105",2014-08-21,2.00,245.00,,,Unit(s),26
pol_cicsa_134,purchase.order.line,po_cicsa_012,cicsa_data.product_product_054,"SOCKOLET 6”x3/4”, 3000#, EXTREMO SOLDADO MSS-SP-97 ASTM A105",2014-08-21,13.00,340.00,,,Unit(s),27
pol_cicsa_135,purchase.order.line,po_cicsa_012,cicsa_data.product_product_054,"SOCKOLET 8”x1”, 3000#, EXTREMO SOLDADO MSS-SP-97 ASTM A105",2014-08-21,1.00,475.00,,,Unit(s),28
pol_cicsa_136,purchase.order.line,po_cicsa_012,cicsa_data.product_product_054,"SOCKOLET 8”x1/2”, 3000#, EXTREMO SOLDADO MSS-SP-97 ASTM A105",2014-08-21,3.00,245.00,,,Unit(s),29
pol_cicsa_137,purchase.order.line,po_cicsa_012,cicsa_data.product_product_054,"SOCKOLET 8”x1-1/2”, 3000#, EXTREMO SOLDADO MSS-SP-97 ASTM A105",2014-08-21,3.00,1215.00,,,Unit(s),30
pol_cicsa_138,purchase.order.line,po_cicsa_012,cicsa_data.product_product_054,"SOCKOLET 8”x3/4”, 3000#, EXTREMO SOLDADO MSS-SP-97 ASTM A105",2014-08-21,4.00,340.00,,,Unit(s),31
pol_cicsa_139,purchase.order.line,po_cicsa_012,cicsa_data.product_product_054,"WELDOLET 6”x3”, SCH STD, BW, CS, ASTM A105 M SS SP-97",2014-08-21,2.00,4860.00,,,Unit(s),32
pol_cicsa_140,purchase.order.line,po_cicsa_012,cicsa_data.product_product_054,"WELDOLET 8”x3”, SCH STD, BW, CS, ASTM A105 M SS SP-97",2014-08-21,1.00,4860.00,,,Unit(s),33
pol_cicsa_141,purchase.order.line,po_cicsa_012,cicsa_data.product_product_054,"WELDOLET 8”x4”, SCH STD, BW, CS, ASTM A105 M SS SP-97",2014-08-21,4.00,7560.00,,,Unit(s),34
pol_cicsa_142,purchase.order.line,po_cicsa_012,cicsa_data.product_product_054,"WELDOLET 20”x2”, SCH XS, BW, CS, ASTM A105 M SS SP-97",2014-08-21,1.00,2100.00,,,Unit(s),35
pol_cicsa_143,purchase.order.line,po_cicsa_012,cicsa_data.product_product_054,"WELDOLET 6”x2”, SCH XS, BW, CS, ASTM A105 M SS SP-97",2014-08-21,5.00,2100.00,,,Unit(s),36
pol_cicsa_144,purchase.order.line,po_cicsa_012,cicsa_data.product_product_054,"WELDOLET 8”x2”, SCH XS, BW, CS, ASTM A105 M SS SP-97",2014-08-21,1.00,2100.00,,,Unit(s),37
pol_cicsa_145,purchase.order.line,po_cicsa_012,cicsa_data.product_product_054,"TUBERÍA DE 3"" API 5L-B PSL1 Ó A53 Gr B, TIPO S, EXT BISELADO SIN COSTURA O TIPO E CON COSTURA ERW, SCH STD. ",2014-08-21,84.00,2700.00,,,m,38
pol_cicsa_146,purchase.order.line,po_cicsa_012,cicsa_data.product_product_054,"TUBERÍA DE 4"" API 5L-B PSL1 Ó A53 Gr B, TIPO S, EXT BISELADO SIN COSTURA O TIPO E CON COSTURA ERW, SCH STD.  ",2014-08-21,93.00,3200.00,,,m,39
pol_cicsa_147,purchase.order.line,po_cicsa_012,cicsa_data.product_product_054,"TUBERÍA DE 6""API 5L-B PSL1 Ó A53 Gr B, TIPO S, EXT BISELADO SIN COSTURA O TIPO E CON COSTURA ERW, SCH STD.  ",2014-08-21,40.00,4800.00,,,m,40
pol_cicsa_148,purchase.order.line,po_cicsa_012,cicsa_data.product_product_054,"TUBERÍA DE 8"" API 5L-B PSL1 Ó A53 Gr B, TIPO S, EXT BISELADO SIN COSTURA O TIPO E CON COSTURA ERW, SCH STD. ",2014-08-21,130.00,6300.00,,,m,41
pol_cicsa_149,purchase.order.line,po_cicsa_012,cicsa_data.product_product_057,"BRIDA W.N. Ø 10"", 600# , R.F. Acabado 125–200 AARH ASTM A694–F60, WN Fabricación  ASME B",2014-08-21,1.00,27680.00,,,Unit(s),42
pol_cicsa_150,purchase.order.line,po_cicsa_012,cicsa_data.product_product_057,"BRIDA W.N. Ø 16"", 300# , R.F.,Acero al carbono, ASTM A-105, ASME B16.5, ",2014-08-21,5.00,35248.00,,,Unit(s),43
pol_cicsa_151,purchase.order.line,po_cicsa_012,cicsa_data.product_product_057,"BRIDA W.N. Ø 24"", 300# , R.F.,Acero al carbono, ASTM A-105, ASME B16.5, ",2014-08-21,4.00,67500.00,,,Unit(s),44
pol_cicsa_152,purchase.order.line,po_cicsa_012,cicsa_data.product_product_057,"BRIDA W.N. Ø 6"", 600# , R.F. Acabado 125–200 AARH ASTM A694–F60, WN Fabricación  ASME B",2014-08-21,4.00,11250.00,,,Unit(s),45
pol_cicsa_153,purchase.order.line,po_cicsa_012,cicsa_data.product_product_054,"CODO 45º Ø 24”, RL, BW, SMLS, ASTM A-234 Gr. WPB, SCH STD, ASME B16.9.",2014-08-21,8.00,58100.00,,,Unit(s),46
pol_cicsa_154,purchase.order.line,po_cicsa_012,cicsa_data.product_product_054,"SOCKOLET 3000 # ∅ 8""x3/4"" , EXTREMO SOLDADO MSS-SP-97. ",2014-08-21,8.00,340.00,,,Unit(s),47
pol_cicsa_155,purchase.order.line,po_cicsa_012,cicsa_data.product_product_054,"SOCKOLET 24”x3/4”, 3000#, Ø 24""X3/4” EXT. SOLDADO, MSS-SP-97, ASTM A105, S/COSTURA",2014-08-21,4.00,340.00,,,Unit(s),48
pol_cicsa_156,purchase.order.line,po_cicsa_012,cicsa_data.product_product_054,"TEE RECTA 8”. EXTREMO SOLDADO A TOPE, ACERO AL CARBONO ASTM A-234WPB, EXTREMOS BISELADOS SCH XS, NORMA DE FABRICACIÓN ASME B 16.9, RECUBRIMIENTO EXTERNO BARNIZADO",2014-08-21,6.00,13100.00,,,Unit(s),49
pol_cicsa_157,purchase.order.line,po_cicsa_013,cicsa_data.product_product_054,"ANILLO 5-1/8"", CLASE 3000# RTJ, 316SS, API 6A, R-41.",2014-08-21,20.00,9524.00,,,Unit(s),1
pol_cicsa_158,purchase.order.line,po_cicsa_013,cicsa_data.product_product_057,"BRIDA 5-1/8” WN, CLASE 3000# RTJ,ASTM A 105, SCH STD, API 6A",2014-08-21,20.00,12455.00,,,Unit(s),2
pol_cicsa_159,purchase.order.line,po_cicsa_013,cicsa_data.product_product_057,"BRIDA 6”, CUELLO PARA SOLDAR, MATERIAL ACERO AL CARBONO, NORMA Y GRADO ASTM A 105, TIPO DE CARA SALIENTE, DIAMETRO NOMINAL TUBERIA 6 in, CLASE 300, SCHEDULE 40/STD, ESPESOR DE PARED 0,280 IN, ACABADO DE LA CARA 125 A 250 uin, NORMA DE FABRICACION ASME B16.5, RECUBRIMIENTO PINTURA ANTICORROSIVA.",2014-08-21,120.00,6041.00,,,Unit(s),3
pol_cicsa_160,purchase.order.line,po_cicsa_013,cicsa_data.product_product_054,"CODO 6”, SOLDABLE A TOPE, ANGULO 90°, DIAMETRO NOMINAL TUBERIA 6 in, MATERIAL ACERO AL CARBONO, NORMA Y GRADO ASTM A 234 WPB, TIPO DE RADIO LARGO, SCHEDULE 40/STD, ESPESOR DE PARED 0,280 IN, PROCESO DE MANUFACTURA SIN COSTURA, NORMA DE FABRICACION ASME B16.9, RECUBRIMIENTO INTERNO YEXTERNO PINTURA ANTICORROSIVA",2014-08-21,120.00,1998.00,,,Unit(s),5
pol_cicsa_161,purchase.order.line,po_cicsa_013,cicsa_data.product_product_054,"REDUCCIÓN 6”x5”, CONCENTRICA, MATERIAL ACERO AL CARBONO, NORMA Y GRADO ASTM A 234 WPB, TIPO DE EXTREMOS BISELADOS, DIAMETRO NOMINAL 6X5 in, SCHEDULE STD, NORMA DE FABRICACION ASME B16.9.",2014-08-21,20.00,1529.00,,,Unit(s),6
pol_cicsa_162,purchase.order.line,po_cicsa_013,cicsa_data.product_product_054,"Codo de 45°  12” RL, BW,  ASTM A-234 Gr. WPB, Sch 20,  sin costura , Asme B16.9 .",2014-08-21,4.00,13782.00,,,Unit(s),8
pol_cicsa_163,purchase.order.line,po_cicsa_013,cicsa_data.product_product_054,"Tee recta 12”, ASTM A-234 Gr. WPB. Sch 20, Asme B16.9.",2014-08-21,1.00,19870.00,,,Unit(s),9
pol_cicsa_164,purchase.order.line,po_cicsa_013,cicsa_data.product_product_057,BRIDA CIEGA 6” 300# RF ASTM A-105 ASME B16.5.,2014-08-21,48.00,5575.00,,,Unit(s),10
pol_cicsa_165,purchase.order.line,po_cicsa_013,cicsa_data.product_product_057,"BRIDA 20” WN, 300# ACABADO 125-200 AARH ASTM A105 FABRICACIÓN ASME B16.5 SCH STD.",2014-08-21,8.00,67467.00,,,Unit(s),13
pol_cicsa_166,purchase.order.line,po_cicsa_013,cicsa_data.product_product_054,"CODO 45º 3”, RL, BW,  ASTM A-234 Gr. WPB, SCH STD, ASME B16.9. SIN COSTURA",2014-08-21,2.00,353.00,,,Unit(s),16
pol_cicsa_167,purchase.order.line,po_cicsa_013,cicsa_data.product_product_054,"CODO 3” 90º, RL, BW, SMLS, ASTM A-234 Gr. WPB, SCH STD, ASME B16.9.",2014-08-21,5.00,572.00,,,Unit(s),21
pol_cicsa_168,purchase.order.line,po_cicsa_013,cicsa_data.product_product_054,"CODO 6” 90º, RL, BW, SMLS, ASTM A-234 Gr. WPB, SCH STD, ASME B16.9.",2014-08-21,7.00,2020.00,,,Unit(s),23
pol_cicsa_169,purchase.order.line,po_cicsa_013,cicsa_data.product_product_057,"DISCO CIEGO REVERSIBLE (FIGURA 8) 6” 300#, RF, ASTM A516-70, API 590.",2014-08-21,1.00,10475.00,,,Unit(s),25
pol_cicsa_170,purchase.order.line,po_cicsa_013,cicsa_data.product_product_054,"RED. EXCÉNTRICA 20”x16”, SCH STD  BW, SMLS, CS, ASTM A234-WPB-S",2014-08-21,1.00,22926.00,,,Unit(s),26
pol_cicsa_171,purchase.order.line,po_cicsa_013,cicsa_data.product_product_054,"RED. EXCÉNTRICA 16”x12”, SCH STD, BW, SMLS, CS, ASTM A234-WPB-S",2014-08-21,1.00,13756.00,,,Unit(s),28
pol_cicsa_172,purchase.order.line,po_cicsa_013,cicsa_data.product_product_057,"BRIDA CIEGA Ø 10"", 600# , Acabado 125–200 AARH ASTM A694–F60, WN Fabricación  ASME B",2014-08-21,1.00,36308.00,,,Unit(s),33
pol_cicsa_173,purchase.order.line,po_cicsa_013,cicsa_data.product_product_057,"BRIDA CIEGA Ø6"" CLASE 600 RF. ACABADO 125-200 AARH ASTM A105 WN FABRICACION ASME B 16.5",2014-08-21,4.00,10160.00,,,Unit(s),36
pol_cicsa_174,purchase.order.line,po_cicsa_013,cicsa_data.product_product_057,"BRIDA CIEGA Ø8"", 600# , R.F.,Acero al carbono, ASTM A-105, ASME B16.5, ",2014-08-21,6.00,22594.00,,,Unit(s),37
pol_cicsa_175,purchase.order.line,po_cicsa_013,cicsa_data.product_product_057,"BRIDA W.N. Ø 8"", 600# , R.F. Acabado 125–200 AARH ASTM A105 WN FABRICACIÓN ASME B 16.5",2014-08-21,12.00,17622.00,,,Unit(s),38
pol_cicsa_176,purchase.order.line,po_cicsa_014,cicsa_data.product_product_058,"EMPACADURA 3/4” 300#, ESPIROMETALICA PARA BRIDAS, ESTILO CON ANILLO EXTERNO E INTERNO, MATERIAL DEL FLEJE ACERO INOXIDABLE 316L, MATERIAL DE RELLENO GRAFITO FLEXIBLE, ESPESOR DEL RELLENO 4,5 mm, MATERIAL DEL ANILLO EXTERIOR ACERO AL CARBONO, ESPESOR DEL ANILLO EXTERIOR 3 mm, MATERIAL DEL ANILLO INTERNO ACERO INOXIDABLE 316L, ESPESOR DEL ANILLO INTERNO 0,125 in, NORM.FAB.DE LA EMPACADURA ASME B16.20, DIAMETRO NOM.DE LA BRIDA 3/4 in, CLASE DE LA BRIDA 300, TIPO CARA DE LA BRIDA CARA SALIENTE, NORMA FAB.DE LA BRIDA ASME B16.5.",2014-08-18,40.00,50.51,,,Unit(s),1
pol_cicsa_177,purchase.order.line,po_cicsa_014,cicsa_data.product_product_058,"EMPACADURAS 16” 150#, ESPIROMETALICA PARA BRIDAS, ESTILO CON ANILLO EXTERN, MATERIAL DEL FLEJE ACERO INOXIDABLE 304, MATERIAL DE RELLENO GRAFITO FLEXIBLE, ESPESOR DEL RELLENO 4,5 mm, MATERIAL DEL ANILLO EXTERIOR ACERO AL CARBONO, ESPESOR DEL ANILLO EXTERIOR 3 mm, NORM.FAB.DE LA EMPACADURA ASME B16.20, DIAMETRO NOM.DE LA BRIDA 16 in, CLASE DE LA BRIDA 150, TIPO CARA DE LA BRIDA CARA SALIENTE, NORMA FAB.DE LA BRIDA ASME B16.5.",2014-08-18,2.00,840.30,,,Unit(s),2
pol_cicsa_178,purchase.order.line,po_cicsa_014,cicsa_data.product_product_058,"EMPACADURA ESPIROMETÁLICA 20” 300#, MATERIAL DEL FLEJE AISI 316L, MATERIAL DE RELLENO GFRAFITO FLEXIBLE CON ANILLO INTERNO 316L Y ANILLO EXTERNO ACERO AL CARBONO. NORMA DE FABRICACIÓN  ASME B 16.20 ",2014-08-18,5.00,2669.36,,,Unit(s),3
pol_cicsa_179,purchase.order.line,po_cicsa_014,cicsa_data.product_product_058,"EMPACADURA ESPIROMETÁLICA 16” 300#, MATERIAL DEL FLEJE AISI 304, MATERIAL DE RELLENO GFRAFITO FLEXIBLE CON ANILLO INTERNO 304 Y ANILLO EXTERNO ACERO AL CARBONO. NORMA DE FABRICACIÓN  ASME B 16.20 ",2014-08-18,6.00,1451.00,,,Unit(s),4
pol_cicsa_180,purchase.order.line,po_cicsa_014,cicsa_data.product_product_058,"EMPACADURA ESPIROMETÁLICA 8” 300#, MATERIAL DEL FLEJE AISI 316L, MATERIAL DE RELLENO GFRAFITO FLEXIBLE CON ANILLO INTERNO 316L Y ANILLO EXTERNO ACERO AL CARBONO. NORMA DE FABRICACIÓN  ASME B 16.20 ",2014-08-18,18.00,782.13,,,Unit(s),5
pol_cicsa_181,purchase.order.line,po_cicsa_014,cicsa_data.product_product_058,"EMPACADURA DEVANADA EN ESPIRAL 4” 150#,  MATERIAL DEL FLEJE 316L, MATERIAL DE RELLENO GRAFITO FLEXILE, MATERIAL DEL ANILLO EXTERNO DE  ACERO AL CARBONO. FABRICACIÓN ASME B16.20",2014-08-18,3.00,172.96,,,Unit(s),6
pol_cicsa_182,purchase.order.line,po_cicsa_014,cicsa_data.product_product_058,"EMPACADURA ESPIROMETÁLICA 3” 300#, MATERIAL DEL FLEJE AISI 316L, MATERIAL DE RELLENO GRAFITO FLEXIBLE CON ANILLO INTERNO 316L Y ANILLO EXTERNO ACERO AL CARBONO. NORMA DE FABRICACIÓN  ASME B 16.20 ",2014-08-18,11.00,313.78,,,Unit(s),7
pol_cicsa_183,purchase.order.line,po_cicsa_014,cicsa_data.product_product_058,"EMPACADURA DEVANADA EN ESPIRAL 3” 150#,  MATERIAL DEL FLEJE AISI 316L, MATERIAL DE RELLENO GRAFITO FLEXILE CON ANILLO EXTERNO DE ACERO AL CARBONO. FABRICACIÓN ASME B16.20",2014-08-18,4.00,119.40,,,Unit(s),8
pol_cicsa_184,purchase.order.line,po_cicsa_014,cicsa_data.product_product_058,"EMPACADURA ESPIROMETÁLICA 1-1/2” 300#, MATERIAL DEL FLEJE AISI 316L, MATERIAL DE RELLENO GRAFITO FLEXIBLE, MATERIAL DEL ANILLO INTERNO 316L Y ANILLO EXTERNO ACERO AL CARBONO. NORMA DE FABRICACIÓN  ASME B 16.20 ",2014-08-18,7.00,114.79,,,Unit(s),9
pol_cicsa_185,purchase.order.line,po_cicsa_014,cicsa_data.product_product_058,"EMPACADURA ESPIROMETÁLICA 1” 300#, MATERIAL DEL FLEJE AISI 316L, MATERIAL DE RELLENO GRAFITO FLEXIBLE CON ANILLO INTERNO 316L Y ANILLO EXTERNO ACERO AL CARBONO. NORMA DE FABRICACIÓN  ASME B 16.20 ",2014-08-18,8.00,64.28,,,Unit(s),10
pol_cicsa_186,purchase.order.line,po_cicsa_014,cicsa_data.product_product_058,"EMPACADURA ESPIROMETÁLICA 3/4” 300#, MATERIAL DEL FLEJE AISI 316L, MATERIAL DE RELLENO GRAFITO FLEXIBLE CON ANILLO INTERNO 316L Y ANILLO EXTERNO ACERO AL CARBONO. NORMA DE FABRICACIÓN  ASME B 16.20 ",2014-08-18,1.00,50.51,,,Unit(s),11
pol_cicsa_187,purchase.order.line,po_cicsa_014,cicsa_data.product_product_058,"EMPACADURA Ø 10”,600#, RF, MATERIAL DEL FLEJE AISI 316L,  MATERIAL DE RELLENO GRAFITO FLEXIBLE CON ANILLO INTERNO 316L Y ANILLO EXTERNO ACERO AL CARBONO. NORMA DE FABRICACIÓN  ASME B 16.20",2014-08-18,2.00,1226.00,,,Unit(s),12
pol_cicsa_188,purchase.order.line,po_cicsa_015,cicsa_data.product_product_058,"EMPACADURA 6” 300#, ESPIROMETALICA PARA BRIDAS, ESTILO CON ANILLO EXTERNO E INTERNO, MATERIAL DEL FLEJE ACERO INOXIDABLE 316L, MATERIAL DE RELLENO GRAFITO FLEXIBLE, ESPESOR DEL RELLENO 0,175 in, MATERIAL DEL ANILLO EXTERIOR ACERO AL CARBONO, ESPESOR DEL ANILLO EXTERIOR 0,125 in, MATERIAL DEL ANILLO INTERNO ACERO INOXIDABLE 316L, ESPESOR DEL ANILLO INTERNO 0,125 in, NORM.FAB.DE LA EMPACADURA ASME B16.20, DIAMETRO NOM.DE LA BRIDA 6 in, CLASE DE LA BRIDA 300, TIPO CARA DE LA BRIDA CARA SALIENTE, NORMA FAB.DE LA BRIDA ANSI B16.5.",2014-08-22,120.00,2250.00,,,Unit(s),1
pol_cicsa_189,purchase.order.line,po_cicsa_015,cicsa_data.product_product_058,"EMPACADURA Ø 24”,300#, RF, ESPIROMETALICA PARA BRIDAS, ESTILO CON ANILLO EXTERNO E INTERNO, MATERIAL DEL FLEJE ACERO INOXIDABLE 316SS, MATERIAL DE RELLENO GRAFITO FLEXIBLE, MATERIAL DEL ANILLO EXTERIOR ACERO AL CARBONO, MATERIAL DEL ANILLO INTERNO ACERO INOXIDABLE 316SS ASME B 16.20",2014-08-22,6.00,3750.00,,,Unit(s),4
pol_cicsa_190,purchase.order.line,po_cicsa_015,cicsa_data.product_product_058,"EMPACADURA Ø 8”,600#, RF, ESPIROMETALICA PARA BRIDAS, ESTILO CON ANILLO EXTERNO E INTERNO, MATERIAL DEL FLEJE ACERO INOXIDABLE 316SS, MATERIAL DE RELLENO GRAFITO FLEXIBLE, MATERIAL DEL ANILLO EXTERIOR ACERO AL CARBONO, MATERIAL DEL ANILLO INTERNO ACERO INOXIDABLE 316SS ASME B 16.20",2014-08-22,16.00,1050.00,,,Unit(s),6
pol_cicsa_191,purchase.order.line,po_cicsa_015,cicsa_data.product_product_058,"EMPACADURA Ø 6”,600#, RF, ESPIROMETALICA PARA BRIDAS, ESTILO CON ANILLO EXTERNO E INTERNO, MATERIAL DEL FLEJE ACERO INOXIDABLE 316SS, MATERIAL DE RELLENO GRAFITO FLEXIBLE, MATERIAL DEL ANILLO EXTERIOR ACERO AL CARBONO, MATERIAL DEL ANILLO INTERNO ACERO INOXIDABLE 316SS ASME B 16.20",2014-08-22,6.00,825.00,,,Unit(s),7
pol_cicsa_192,purchase.order.line,po_cicsa_016,cicsa_data.product_product_055,"VÁLVULA DE COMPUERTA 3/4”, DISEÑO DE LOS EXTREMOS SOLDADO X ROSCADO, MATERIAL DEL CUERPO ACERO AL CARBONO, NORMA Y GRADO DEL CUERPO ASTM A 105, TIPO DE VASTAGO ASCENDENTE, MATERIAL DEL VASTAGO ACERO INOXIDABLE, NORMA Y GRADO DEL VASTAGO ASTM A 182 F6, TIPO DE DISCO CUÑA SOLIDA, MATERIAL DEL DISCO ACERO INOXIDABLE, NORMA Y GRADO DEL DISCO ASTM A 182 F6, MATERIAL DEL ASIENTO ACERO INOXIDABLE, DIAMETRO NOMINAL 3/4 in, CLASE 800, TIPO DE BONETE APERNADO, TIPO DE PASO COMPLETO, RECUBRIMIENTO DEL ASIENTO STELLITE, ACCIONAMIENTO VOLANTE, NORMA DE FABRICACION API 602. TRIM F6, BONETE APERNADO Y PASO COMPLETO",2014-09-02,70.00,7209.05,,,Unit(s),1
pol_cicsa_193,purchase.order.line,po_cicsa_016,cicsa_data.product_product_055,"VÁLVULA DE COMPUERTA 1-1/2"", DISEÑO DE LOS EXTREMOS SOLDADOS, MATERIAL DEL CUERPO ACERO AL CARBONO, NORMA Y GRADO DEL CUERPO ASTM A 105, TIPO DE VASTAGO ASCENDENTE, MATERIAL DEL VASTAGO ACERO INOXIDABLE, TIPO DE DISCO CUÑA SOLIDA, ASIENTOS ENDURECIDOS, DIAMETRO NOMINAL 1-1/2 IN, CLASE 800, PASO COMPLETO. TRIM # 10 (316), BONETE APERNADO Y PASO COMPLETO.",2014-09-02,70.00,18445.00,,,Unit(s),2
pol_cicsa_194,purchase.order.line,po_cicsa_016,cicsa_data.product_product_055,"VÁLVULA, DE RETENCION 1-1/2”, DISEÑO DE EXTREMOS SOLDADOS, MATERIAL DEL CUERPO ACERO AL CARBONO, NORMA Y GRADO DEL CUERPO ASTM A 105, ELEMENTO DE CIERRE PISTON, MATERIAL ELEMENTO CIERRE ACERO INOXIDABLE, MATERIAL DEL PASADOR ACERO INOXIDABLE, MATERIAL DEL ASIENTO ACERO INOXIDABLE, MATERIAL DEL SELLO ACERO INOXIDABLE, DIAMETRO NOMINAL 1-1/2 IN, CLASE 800, TIPO HORIZONTAL. TRIM # 10 (316), BONETE APERNADO Y PASO COMPLETO.",2014-09-02,50.00,19375.00,,,Unit(s),3
pol_cicsa_195,purchase.order.line,po_cicsa_016,cicsa_data.product_product_055,"VÁLVULA, DE COMPUERTA ½”, DISEÑO DE LOS EXTREMOS SOLDADO X ROSCADO, MATERIAL DEL CUERPO ACERO AL CARBONO, NORMA Y GRADO DEL CUERPO ASTM A 105, TIPO DE VASTAGO ASCENDENTE, MATERIAL DEL VASTAGO ACERO INOXIDABLE, TIPO DE DISCO CUÑA SOLIDA, ASIENTOS ENDURECIDOS DIÁMETRO NOMINAL 1/2 IN, CLASE 800, PASO COMPLETO. SE ACEPTO TRIM F6, PASO COMPLETO, BONETE APERNADO.",2014-09-02,8.00,6045.00,,,Unit(s),4
pol_cicsa_196,purchase.order.line,po_cicsa_016,cicsa_data.product_product_055,"VÁLVULA, DE COMPUERTA ¾”, DISEÑO DE LOS EXTREMOS SOLDADO, SW,  MATERIAL DEL CUERPO ACERO AL CARBONO, NORMA Y GRADO DEL CUERPO ASTM A 105, TIPO DE VASTAGO ASCENDENTE, DIAMETRO NOMINAL 3/4 in, CLASE 800, TIPO DE BONETE APERNADO, TIPO DE PASO COMPLETO, RECUBRIMIENTO DEL ASIENTO STELLITE, ACCIONAMIENTO VOLANTE. SE ACEPTO TRIM F6, PASO COMPLETO, BONETE APERNADO.",2014-09-02,36.00,7209.05,,,Unit(s),5
pol_cicsa_197,purchase.order.line,po_cicsa_016,cicsa_data.product_product_055,"Válvula de compuerta 800# 3/4”, Sw x Thrd, cuerpo de acero al carbono Astm A105, 13% Cr, asientos endurecidos. TRIM # 8, BONETE APERNADO Y PASO COMPLETO",2014-09-02,2.00,6975.00,,,Unit(s),6
pol_cicsa_198,purchase.order.line,po_cicsa_016,cicsa_data.product_product_055,"VÁLVULA DE COMPUERTA 1/2"", 800#, SW, ASTM A105, GUARNICIÓN 13% CR, ASIENTO  ENDURECIDOS PASO COMPLETO. TRIM # 8, BONETE APERNADO Y PASO COMPLETO",2014-09-02,4.00,5425.00,,,Unit(s),7
pol_cicsa_199,purchase.order.line,po_cicsa_016,cicsa_data.product_product_055,"VÁLVULA DE COMPUERTA 1-1/2”, 800#, SW, ASTM A105, GUARNICIÓN 13% CR, ASIENTO  ENDURECIDOS PASO COMPLETO. TRIM # 8, BONETE APERNADO Y PASO COMPLETO",2014-09-02,5.00,18445.00,,,Unit(s),8
pol_cicsa_200,purchase.order.line,po_cicsa_016,cicsa_data.product_product_055,"VÁLVULA DE COMPUERTA 3/4”, 800#, SW, ASTM A105, GUARNICIÓN 13% CR, ASIENTO  ENDURECIDOS PASO COMPLETO. TRIM # 8, BONETE APERNADO Y PASO COMPLETO",2014-09-02,1.00,2557.50,,,Unit(s),9
pol_cicsa_201,purchase.order.line,po_cicsa_016,cicsa_data.product_product_055,"VÁLVULA DE COMPUERTA 1/2”, 800#, SWxTHRD, ASTM A105 CUERPO, 13% CR, ASIENTOS ENDURECIDOS. TRIM # 8, BONETE APERNADO Y PASO COMPLETO",2014-09-02,2.00,6045.00,,,Unit(s),10
pol_cicsa_202,purchase.order.line,po_cicsa_016,cicsa_data.product_product_055,"VÁLVULA DE COMPUERTA 3/4”, 800#, SWxTHRD, ASTM A105 CUERPO, 13% CR, ASIENTOS ENDURECIDOS. TRIM # 8, BONETE APERNADO Y PASO COMPLETO",2014-09-02,33.00,7207.50,,,Unit(s),11
pol_cicsa_203,purchase.order.line,po_cicsa_016,cicsa_data.product_product_055,"VÁLVULA DE GLOBO, 800# 1”, SW, CUERPO ASTM A105 , 13% Cr, ASIENTOS ENDURECIDOS. TRIM # 8, BONETE APERNADO Y PASO COMPLETO",2014-09-02,2.00,16972.50,,,Unit(s),12
pol_cicsa_204,purchase.order.line,po_cicsa_016,cicsa_data.product_product_055,"VÁLVULA DE COMPUERTA, Ø 3/4"" 800#, SWxTHD, CUERPO ASTM A105, 13% CR, ASIENTOS ENDURECIDOS. TRIM # 8, BONETE APERNADO Y PASO COMPLETO",2014-09-02,12.00,7209.05,,,Unit(s),13
pol_cicsa_205,purchase.order.line,po_cicsa_017,cicsa_data.product_product_055,"Válvula de compuerta 2”, 800#, Sw x Thrd, cuerpo de acero al carbono Astm A105, 13% Cr, asientos endurecidos. Trim #8, Bonete Apernado, Paso Completo.",2014-09-19,1.00,10799.25,,,Unit(s),1
pol_cicsa_206,purchase.order.line,po_cicsa_017,cicsa_data.product_product_055,"VÁLVULA DE COMPUERTA 2”, 800#, SW, ASTM A105, GUARNICIÓN 13% CR, ASIENTO  ENDURECIDOS PASO COMPLETO. Trim #8, Bonete Apernado, Paso Completo.",2014-09-19,7.00,10799.25,,,Unit(s),2
pol_cicsa_207,purchase.order.line,po_cicsa_017,cicsa_data.product_product_055,"VÁLVULA DE COMPUERTA 1” , 800#, SWxTHRD, ASTM A105 CUERPO, 13% CR, ASIENTOS ENDURECIDOS. Trim #8, Bonete Apernado, Paso Completo.",2014-09-19,1.00,5184.85,,,Unit(s),3
pol_cicsa_208,purchase.order.line,po_cicsa_017,cicsa_data.product_product_055,"VÁLVULA DE GLOBO 2”, 300#, SW, CUERPO ASTM A105 BODY, 13%CR ASIENTOS ENDURECIDOS. Trim #8, Bonete Apernado, Paso Completo.",2014-09-19,3.00,9498.50,,,Unit(s),4
pol_cicsa_209,purchase.order.line,po_cicsa_017,cicsa_data.product_product_055,"VÁLVULA DE RETENCIÓN 2” TIPO PISTÓN (LIFT CHECK), 800#, SW, CUERPO ASTM A105 13% Cr, ASIENTOS ENDURECIDOS Trim #8, Cap Apernado.",2014-09-19,3.00,9084.68,,,Unit(s),5
pol_cicsa_210,purchase.order.line,po_cicsa_017,cicsa_data.product_product_055,"VÁLVULA, DE COMPUERTA 2”, DISEÑO DE LOS EXTREMOS BISELADOS, MATERIAL DEL CUERPO ACERO AL CARBONO, NORMA Y GRADO DEL CUERPO ASTM A 105, TIPO DE VASTAGO EXTERIOR ASCENDENTE, MATERIAL DEL VASTAGO ACERO INOXIDABLE, NORMA Y GRADO DEL VASTAGO AISI 316L, TIPO DE DISCO CUÑA SOLIDA, MATERIAL DEL DISCO ACERO INOXIDABLE, NORMA Y GRADO DEL DISCO AISI 316L + ESTELLITE N° 06, MATERIAL DEL ASIENTO ACERO INOXIDABLE, DIAMETRO NOMINAL 2 IN, CLASE 300, TIPO DE BONETE APERNADO, TIPO DE PASO COMPLETO, NORMA Y GRADO DEL ASIENTO AISI 316L + STELLITE 6, ACCIONAMIENTO VOLANTE. SE ACEPTO TRIM # 10, BONETE APERNADO, PASO COMPLETO.",2014-09-19,12.00,22748.40,,,Unit(s),6
pol_cicsa_211,purchase.order.line,po_cicsa_018,cicsa_data.product_product_055,"VÁLVULA, DE COMPUERTA 6”, EXTREMOS BRIDADOS, CARA SALIENTE (RF), MATERIAL DEL CUERPO ACERO AL CARBONO, NORMA Y GRADO DEL CUERPO ASTM A 216 WCB, CUBIERTA APERNADA, VASTAGO ASCENDENTE, MATERIAL DEL VASTAGO ACERO INOXIDABLE, NORMA Y GRADO DEL VASTAGO AISI 316L, TIPO DE DISCO CUÑA SOLIDA, ASIENTOS ENDURECIDOS, DIAMETRO NOMINAL 6 IN, CLASE 300, TIPO PASO COMPLETO. ACCIONAMIENTO VOLANTE. TRIM # 12:  SEAT STELLITE, DISK: 316, BACKSEAT: 316 Y STEM 316. BONETE APERNADO, PASO COMPLETO. EL PROVEEDOR OFERTO Y SE ACEPTO 5206-rf-3hf-wcb-nace.",2014-09-02,150.00,1530.80,,,Unit(s),1
pol_cicsa_212,purchase.order.line,po_cicsa_018,cicsa_data.product_product_055,"VÁLVULA, DE RETENCION 6”, EXTREMOS BRIDADOS, MATERIAL DEL CUERPO ACERO AL CARBONO, NORMA Y GRADO DEL CUERPO A-216 GR.WCB, MATERIAL DEL ASIENTO ACERO INOXIDABLE, MATERIAL DEL SELLO ACERO INOXIDABLE, DIAMETRO NOMINAL 6 IN, CLASE 300 RF, TIPO SWING, NORMA DE FABRICACION ASME B16.34. TRIM # 12:  SEAT STELLITE, DISK: 316, BACKSEAT: 316 Y STEM 316. BONETE APERNADO PASO COMPLETO. EL PROVEEDOR OFERTO Y SE ACEPTO 5344-rf-3hf-wcb-nace",2014-09-02,40.00,1333.13,,,Unit(s),2
pol_cicsa_213,purchase.order.line,po_cicsa_018,cicsa_data.product_product_054,"WELDOLET 20”x6”, MATERIAL ACERO AL CARBONO, NORMA Y GRADO ASTM A 105, DIAMETRO TUBERIA 20 in, DIAMETRO SALIDA 6 in, SCHEDULE DE TUBERIA STD, SCHEDULE DE SALIDA STD, NORMA DE FABRICACION MSS SP97.",2014-09-02,25.00,100.95,,,Unit(s),3
pol_cicsa_214,purchase.order.line,po_cicsa_018,cicsa_data.product_product_053,"TUBERÍA DE ACERO AL CARBONO 6” SCH STD, ASTM A-53 A106, TIPO S SIN COSTURA, EXTREMOS BISELADOS. SMLS",2014-09-02,300.00,56.43,,,m,4
pol_cicsa_215,purchase.order.line,po_cicsa_018,cicsa_data.product_product_055,"Válvula de compuerta clase 300 12”, Acero al carbono Astm A216 Gr. WCB, brida RF, Guarnición 13% Cr, asientos endurecidos. Trim # 8, Bonete Apernado Paso Completo. EL PROVEEDOR OFERTO Y SE ACEPTO FIG 10312RFAA08H. ",2014-09-02,3.00,2550.00,,,Unit(s),5
pol_cicsa_216,purchase.order.line,po_cicsa_018,cicsa_data.product_product_055,"Válvula de compuerta clase 600 8”, Acero al carbono Astm A216 Gr. WCB, RF, Guarnición 13% Cr, asientos endurecidos. Trim # 8, Bonete Apernado Paso Completo. Apernado. EL PROVEEDOR OFERTO Y SE ACEPTO FIG106-08-RF-AA08-H.",2014-09-02,2.00,2616.70,,,Unit(s),6
pol_cicsa_217,purchase.order.line,po_cicsa_018,cicsa_data.product_product_055,"Válvula de retención tipo Swing 16”, 150#, RF, ASTM A216-WCB, 13% CR, asientos endurecidos. Trim # 8, Bonete Apernado. EL PROVEEDOR OFERTO Y SE ACEPTO FIG30116RFEA08X",2014-09-02,1.00,2983.35,,,Unit(s),7
pol_cicsa_218,purchase.order.line,po_cicsa_018,cicsa_data.product_product_055,"Válvula de retención tipo Swing 12”, 300#, RF, ASTM A216-WCB, 13% CR, asientos endurecidos. Trim # 8, Bonete Apernado. EL PROVEEDOR OFERTO Y SE ACEPTO FIG30312RFEA08X",2014-09-02,2.00,2316.70,,,Unit(s),8
pol_cicsa_219,purchase.order.line,po_cicsa_018,cicsa_data.product_product_053,"Tubería de acero al carbono 12” A53 Api 5L-X42, Sch 20, extremos biselados con costura ERW, con revestimiento monocapa con resina epóxica en polvo tipo FBE 3M Epoxy Coating 226N soporta hasta 230°F y espesor del recubrimiento  acorde a norma PDVSA EM–01–01/17 ""RESINA EPOXICA EN POLVO PARA REVESTIMIENTO DE TUBERIA METALICA, A ALTAS TEMPERATURAS"".",2014-09-02,286.00,121.55,,,m,9
pol_cicsa_220,purchase.order.line,po_cicsa_018,cicsa_data.product_product_053,"Tubería de acero al carbono 12” A53 Api 5L-X42, Sch 20, extremos biselados con costura ERW. ",2014-09-02,1284.00,67.28,,,m,10
pol_cicsa_221,purchase.order.line,po_cicsa_018,cicsa_data.product_product_056,"FILTRO 8” TIPO CESTA FIJO DE ACERO AL CARBONO ASTM A106-B, MALLA ESTANDAR DE 1/8"" Y BRIDAS CLASE 300# RF ASTM A105, SEGÚN ESQUEMA #Q07474",2014-09-02,1.00,3250.50,,,Unit(s),11
pol_cicsa_222,purchase.order.line,po_cicsa_018,cicsa_data.product_product_055,"VÁLVULA DE COMPUERTA 4”, 150#, RF, CUERPO ASTM A216 WCB , 13% CR,  ASIENTOS ENDURECIDOS PASO COMPLETO. TRIM # 8, BONETE APERNADO. EL PROVEEDOR OFERTO Y SE ACEPTO FIG10104RFAA08H",2014-09-02,1.00,356.70,,,Unit(s),12
pol_cicsa_223,purchase.order.line,po_cicsa_018,cicsa_data.product_product_055,"VÁLVULA DE COMPUERTA 16”, 300#, RF, ASTM A216-WCB, GUARNICIÓN 13% CR, ASIENTO  ENDURECIDOS PASO COMPLETO. TRIM # 8, BONETE APERNADO. EL PROVEEDOR OFERTO Y SE ACEPTO FIG 103-16-RF-AA08-H",2014-09-02,1.00,5396.70,,,Unit(s),13
pol_cicsa_224,purchase.order.line,po_cicsa_018,cicsa_data.product_product_055,"VÁLVULA DE COMPUERTA 20”, 300#, RF, ASTM A216-WCB, GUARNICIÓN 13% CR, ASIENTO  ENDURECIDOS PASO COMPLETO. TRIM # 8, BONETE APERNADO. EL PROVEEDOR OFERTO Y SE ACEPTO 20-300-beric-rf-gate-trim8",2014-09-02,3.00,11356.70,,,Unit(s),14
pol_cicsa_225,purchase.order.line,po_cicsa_018,cicsa_data.product_product_055,"VÁLVULA DE COMPUERTA 6”, 300#, RF, ASTM A216-WCB, GUARNICIÓN 13% CR, ASIENTO  ENDURECIDOS PASO COMPLETO. TRIM # 8, BONETE APERNADO. EL PROVEEDOR OFERTO Y SE ACEPTO FIG 10306RFAA08H",2014-09-02,57.00,864.30,,,Unit(s),15
pol_cicsa_226,purchase.order.line,po_cicsa_018,cicsa_data.product_product_055,"VÁLVULA DE COMPUERTA 8”, 300#, RF, ASTM A216-WCB, GUARNICIÓN 13% CR, ASIENTO  ENDURECIDOS PASO COMPLETO. TRIM # 8, BONETE APERNADO. EL PROVEEDOR OFERTO Y SE ACEPTO  FIG10308RFAA08H",2014-09-02,8.00,1263.35,,,Unit(s),16
pol_cicsa_227,purchase.order.line,po_cicsa_018,cicsa_data.product_product_055,"VÁLVULA DE COMPUERTA 3”, 300#, RF, CUERPO ASTM A216 13%cr  ASIENTOS ENDURECIDOS. PASO COMPLETO. TRIM # 8, BONETE APERNADO. EL PROVEEDOR OFERTO Y SE ACEPTO FIG10303RFAA08H ",2014-09-02,3.00,370.00,,,Unit(s),17
pol_cicsa_228,purchase.order.line,po_cicsa_018,cicsa_data.product_product_055,"VÁLVULA DE GLOBO 4”, 300#, SW, CUERPO ASTM A105 BODY, 13%CR ASIENTOS ENDURECIDOS, PASO COMPLETO. TRIM # 8, BONETE APERNADO. EL PROVEEDOR OFERTO Y SE ACEPTO FIG20304RFAA08H",2014-09-02,1.00,663.35,,,Unit(s),18
pol_cicsa_229,purchase.order.line,po_cicsa_018,cicsa_data.product_product_055,"VÁLVULA DE RETENCIÓN 16”, 300#, RF,  TIPO CLAPETA OSCILANTE (SWING CHECK) ASTM A216-WCB, 13%Gr, ASIENTOS ENDURECIDOS. TRIM # 8, BONETE APERNADO. TRIM # 8, BONETE APERNADO. EL PROVEEDOR OFERTO Y SE ACEPTO 16-300-beric-re-trim8",2014-09-02,1.00,5236.70,,,Unit(s),19
pol_cicsa_230,purchase.order.line,po_cicsa_018,cicsa_data.product_product_055,"VÁLVULA DE RETENCIÓN 3”, 300#, RF,  TIPO CLAPETA OSCILANTE (SWING CHECK) ASTM A216-WCB, 13%Gr, ASIENTOS ENDURECIDOS. TRIM # 8, BONETE APERNADO. EL PROVEEDOR OFERTO Y SE ACEPTO FIG30303RFEA08X",2014-09-02,2.00,303.35,,,Unit(s),20
pol_cicsa_231,purchase.order.line,po_cicsa_018,cicsa_data.product_product_055,"VÁLVULA DE RETENCIÓN 6”, 300#, RF,  TIPO CLAPETA OSCILANTE (SWING CHECK) ASTM A216-WCB, 13%Gr, ASIENTOS ENDURECIDOS. TRIM # 8, BONETE APERNADO. EL PROVEEDOR OFERTO Y SE ACEPTO FIG30306RFEA08X",2014-09-02,5.00,717.00,,,Unit(s),21
pol_cicsa_232,purchase.order.line,po_cicsa_018,cicsa_data.product_product_054,"WELDOLET 20”x6”, SCH STD, BW, CS, ASTM A105 M SS SP-97",2014-09-02,2.00,100.95,,,Unit(s),22
pol_cicsa_233,purchase.order.line,po_cicsa_018,cicsa_data.product_product_054,"WELDOLET 8”x6”, SCH STD, BW, CS, ASTM A105 M SS SP-97",2014-09-02,1.00,100.95,,,Unit(s),23
pol_cicsa_234,purchase.order.line,po_cicsa_018,cicsa_data.product_product_058,"KIT DE AISLAMIENTO 6”, 300#, DEBE INCLUIR COMO MÍNIMO: EMPACADURA FENÓLICA TIPO F. MATERIAL MYLAR O SIMILAR. JUEGO DE ARANDELAS DOBLES (FENÓLICA Y ARANDELA DE ACERO), CON UNA SUPLEMENTARIA Y TUBOS AISLANTE PARA PERNOS ",2014-09-02,1.00,46.90,,,Unit(s),24
pol_cicsa_235,purchase.order.line,po_cicsa_018,cicsa_data.product_product_058,"KIT DE AISLAMIENTO 4”, 300#, DEBE INCLUIR COMO MÍNIMO: EMPACADURA FENÓLICA TIPO F. MATERIAL MYLAR O SIMILAR. JUEGO DE ARANDELAS DOBLES (FENÓLICA Y ARANDELA DE ACERO), CON UNA SUPLEMENTARIA Y TUBOS AISLANTE PARA PERNOS ",2014-09-02,2.00,34.90,,,Unit(s),25
pol_cicsa_236,purchase.order.line,po_cicsa_018,cicsa_data.product_product_053,"TUBERÍA DE 20""API 5L- X42, TIPO E, EXT BISELADO CON COSTURA ERW, SCH STD.",2014-09-02,150.00,170.43,,,m,26
pol_cicsa_237,purchase.order.line,po_cicsa_018,cicsa_data.product_product_055,"VÁLVULAS DE COMPUERTA DE 16""x300# Acero al carbono, ASTM A-216 GR. WCB, BRIDAD R.F. TRIM 8 (F6 CARAS ENDURECIDAS OPERADAS CON VOLANTE). PASO COMPLETO. TRIM # 8, BONETE APERNADO. EL PROVEEDOR OFERTO Y SE ACEPTO FIG103-16-RF-AA08H",2014-09-02,2.00,5396.65,,,Unit(s),27
pol_cicsa_238,purchase.order.line,po_cicsa_018,cicsa_data.product_product_055,"VÁLVULAS DE COMPUERTA DE 6""x600# Acero al carbono,  RF, Cuerpo ASTM A216 WCB 13% CR asientos endurecidos. PASO COMPLETO. TRIM # 8, BONETE APERNADO. EL PROVEEDOR OFERTO Y SE ACEPTO FIG10606RFAA08H",2014-09-02,2.00,1490.00,,,Unit(s),28
pol_cicsa_239,purchase.order.line,po_cicsa_018,cicsa_data.product_product_055,"VÁLVULAS DE COMPUERTA DE 8""x600# Acero al carbono,  RF, Cuerpo ASTM A216 WCB 13% CR asientos endurecidos. PASO COMPLETO. TRIM # 8, BONETE APERNADO. EL PROVEEDOR OFERTO Y SE ACEPTO FIG106-08-RF-AA08-H",2014-09-02,8.00,2616.70,,,Unit(s),29
pol_cicsa_240,purchase.order.line,po_cicsa_018,cicsa_data.product_product_055,"VÁLVULAS DE COMPUERTA DE Ø 24""x300# Acero al carbono, ASTM A-216 GR. WCB, BRIDAD R.F. TRIM 8 (F6 CARAS ENDURECIDAS OPERADAS CON VOLANTE). TRIM # 8, BONETE APERNADO. EL PROVEEDOR OFERTO Y SE ACEPTO FIG10324RFAA08H",2014-09-02,3.00,16983.35,,,Unit(s),30
pol_cicsa_241,purchase.order.line,po_cicsa_018,cicsa_data.product_product_053,"TUBERÍA ∅ 16"", SCH STD, Extremos Biselados, Acero al carbono, material  ASTM A-53 API 5L X42 ERW 1 SRL TIPO E (CON COSTURA)",2014-09-02,6.00,124.56,,,m,31
pol_cicsa_242,purchase.order.line,po_cicsa_018,cicsa_data.product_product_053,"TUBERÍA ∅ 8"", SCH. XS ASTM A53–B  A106 SMLS Tipo S,  EXTREMO BISELADO SIN COSTURA. ",2014-09-02,920.00,121.65,,,m,32
pol_cicsa_243,purchase.order.line,po_cicsa_018,cicsa_data.product_product_053,"TUBERÍA ∅ 8"", Sch. XS ASTM A53–B A106 SMLS Tipo S, EXTREMO BISELADO SIN COSTURA. Revestimiento con resina epóxica en polvo tipo FBE 3M Epoxy Coating 226N soporta hasta 230°F y espesor del recubrimiento  acorde a norma PDVSA EM–01–01/20 ""RESINA EPÓXICA LÍQUIDA 100% SÓLIDOS PARA EL REVESTIMIENTO EXTERNO DE TUBERÍA METÁLICA""",2014-09-02,106.00,155.12,,,m,33
pol_cicsa_244,purchase.order.line,po_cicsa_018,cicsa_data.product_product_053,"TUBERÍA ∅6"", SCH. XS ASTM A53-B A-106 SMLS 1 SRL TIPO S, EXTREMO BISELADO SIN COSTURA.",2014-09-02,6.00,79.05,,,m,34
pol_cicsa_245,purchase.order.line,po_cicsa_018,cicsa_data.product_product_053,"TUBERÍA Ø 24"" , SCH STD, API 5L A106 TIPO S, EXT. BISELADO SMLS. Revestimiento con resina epóxica tipo FBE 3M Epoxy Coating 226N soporta hasta 230°F y espesor del recubrimiento  acorde a norma PDVSA EM–01–01/20 ""RESINA EPÓXICA LÍQUIDA 100% SÓLIDOS PARA EL REVESTIMIENTO EXTERNO DE TUBERÍA METÁLICA"".",2014-09-02,50.00,725.62,,,m,35
